จะมีใครรักพี่บมเท่าหนูไม่มีอีกแล้วลูก มีความสุขเวลาเล่นกับพี่บมตลอด 555 https://t.co/vBW3qPspXS,joy
มีเพื่อนไม่กี่คนที่จริงใจกับเรา รักเรา ดีกว่ามีเพื่อนเยอะๆแต่หาความจริงใจไม่ได้เลยอ่ะ และกูขอเลือกแบบแรกดีกว่าเพราะถีงจะน้อยแต่มีความสุข,joy
เราต้องมีความสุขให้มากกว่าเมื่อวาน.,joy
HBD นะกาตุ่ยยยย???? มีความสุขมากๆนะ รักกก ? #HOLUPitsBOBBYday https://t.co/I9nlRlNUP7,joy
"ชอบเวลามาร์คยิ้มแบบนี้ดูโลกทั้งใบมีความสุข งื้ออออออ *ยิ้มหวาน &gt;&lt;"" ???? #Mark Like him when he smile @mtuan93 https://t.co/jg6WKyWzvD",joy
"ทุกคนชอบเลยมีความสุขจนเกือบตายเลยล่ะค่ะ ถ้าเกิดพี่แฮบินร้องเพลงแบบเพลง Inside Me อีกนะ....
-2",joy
เราทุกคนเลือกได้ที่จะมีความสุข.,joy
@OverWpharah ฮุๆ~ ก็นะ~ นานๆทีจะได้มีวันหยุดพักผ่อนแล้วได้เจอกันบ้างนี่เนอะ~ เธอเองก็ดูมีความสุขน่าดูคริสมาสต์นี้น่ะนะ~ (ยิ้มกว้าง),joy
ชอบเวลาที่ตัวเองมีความสุขนะ ชีวิตดูมีค่าและน่าอยู่มากจริงๆ,joy
[#BTS - Weibo] เพราะ A.R.M.Y ช่วงนี้ผมถึงมีความสุขมากเลยครับ! ขอบคุณนะครับทุกคน รักนะครับ~ https://t.co/0hBJKEVqPY,joy
@mmmatung7 มีความสุขมากๆนะเป็นเด็กดีแบบนี้ตลอดไปจะติดตามตังตลอดไปน้าาาา https://t.co/EBYPmYbv7q,joy
มีความสุขดีแล้ว ยิ้มออกก็ดีแล้ว ชอบที่สุดเวลาคุณยิ้มแล้วหัวเราะนั่นแหละ,joy
ที่ตรงไหนมีความสุขจงรักษาไว้ให้อยู่กับเราไปนานๆ,joy
ไม่ได้ตั้งใจมาช้าแต่ตั้งใจมาแจก??วันเกิดพิบ๊อบปีนี้มีความสุขมากๆนะฮัพ,joy
ถ้าห่างกันแล้วคุณมีความสุขผมก็ยินดีด้วย ถึงผมจะไม่รู้สึกเหมือนคุณก็เถอะ,joy
เป็นคนติดผ้าห่มนวมแบบหนาๆ อากาศจะร้อนแค่ไหนก็ไม่สน ผ้าห่มกูต้องหนามากๆ เปิดแอร์เย็นฉ่ำ แล้วก็ซุกตัวอยู่บนเตียงใต้ผ้าห่ม ห่อตัวมีความสุข,joy
เดือนธันวาทีไรมีความสุขทุกที,joy
อยู่ดีๆก็นึกถึงปีที่แล้ว นึกแล้วมันก็มีความสุข,joy
@damnyoojungx เกรงใจครับเห็นน้องอ้วนพี่ก็มีความสุขแล้ว,joy
มีความสุขมากๆนะคะ มีความสุขให้มากเท่าที่ทุกคนอวยพรขอให้คุณมีความสุข ปีหน้าก็ต้องมีความสุขนะ คนเก่งของเลา &amp; ทุกคน https://t.co/naNpMTjYoh,joy
ได้ด่าอีอันทุกวันก็มีความสุขละ ไม่ได้แกล้งมันวันไหน วันนั้นนอนไม่หลับ,joy
งานศิลปะแบบนี้ทางคริสตัลเลย ชอบมากดูมีความสุข น่ารักกกก. https://t.co/bi6t3wTi2K,joy
รักนะครับทุกคน ขอบคุณมากที่ยังเชื่อใจอยู่ ไว้เดี๋ยวปีใหม่จะอัดโฟโต้การ์ดจากรูปที่ถ่ายเองแจก ยังไงก็รอรับกันด้วย คืนนี้ฝันดี มีความสุขครับ,joy
ทำไมดูสนามบาสเป็นสีชมพูอะ ?????? เอินชอบกระโดดหาเฮียตลอดไม่โดนเกาะหน้าก็เกาะหลังตลอด เอ~ นางดูมีความสุข #markson #JARK https://t.co/0K2u3hPkM2,joy
เลือกแล้วคิดดีแล้วขอเดินหน้าต่อไปไม่ขอกลับคืน มีความสุขชีวิตใหม่ ????????,joy
เอาจริงๆใช้ชีวิตทุกวันนี้ไม่อยากมีเรื่องกับใครเลย ชอบชีวิตที่มีความสุข อยู่กับครอบครัว เพื่อน หมาแมว ติ่ง แดกของอร่อย ทำตามความฝันของตัวเอง,joy
พ่อ : เพื่อนอะ ให้ดูตอนเราลำบาก ไม่ใช่ดูตอนเรามีความสุข ใครที่อยู่กับเราตอนลำบาก ให้รักษาไว้ดีดี,joy
Happy Birthday อั้ยเคนดูโอ้แซ่บจี๊ดสุดติ่งกระดิ่งแมว @kendallbth มีความสุขทั้งเมจทั้งผดล.นะเว๋ยยย ขอบคุณสำหรับความ… https://t.co/b2orysub3T,joy
ตอนยังไม่ขึ้น ดูมีความสุขสนุกสนานน่าเริง พอจึ้นไปเท่านั้นแหละ หน้าตาเหมือนใครบังคับมา สงสารรร555 https://t.co/S0cUoISoVC,joy
"บ๊อบ: มีความสุข!!!!!!!

ขอบคุณนะครับ??????? มีความสุขมากเลย???
ฮ่า~~~~ ผมเป็นผู้ชายที่มีความสุขมากๆเลยล่ะ??",joy
แกมีความสุขดี ก็ดีแล้ววววว ??,joy
@spchm_ พุธสันต์วันเกิดครับพี่มาบ มีความสุขมากๆครับพี่,joy
อยู่กับใครแล้วมีความสุขกูก็อยากอยู่ด้วยนานๆ,joy
"อยู่ตรงนี้ก็มีความสุข ใต้ดวงดาว เหมือนกัน @ImerbSittiwat 
#toeysittiwat 
#TTTwithToey 
#HBDTOEY21ST https://t.co/JcsOsJaFU8",joy
จ้า มาอัพถามไอคอนิคว่า 'ทุกคนก็กำลังหัวเราะใช่มั้ย?' ละตัวเองลงรูปคู่กับพี่จินที่กำลังหัวเราะปากกว้างฉีกจนจะไปถึงหู… https://t.co/792TDi14QW,joy
เขาน่ารัก เขามีความสุขที่ได้กิน มีความพยายามอย่างหนักในการทำงานเพราะเริ่มจาก0 ง้องแง้งยิ่งกว่ามังเน่ ,joy
"เด็กอารมณ์ดี ""น้องปริม""ลูกสาวของเบนซ์ พรชิตา-มิค บรมวุฒิ หัวเราะร่วนเชียว ทำเอาชาย ชาตโยดม-วิกกี้ สุนิสา ลุงป้ามีคว… https://t.co/csI89A6rZO",joy
มีความสุขเวลาได้เที่ยวได้นั่งรถไกลๆ??,joy
หวังว่าคุนจะมีความสุข เมอรรี่คริสมาสนะค้าบ??????,joy
ถ้ามีความสุขที่จะให้ ก็ให้ไปเถิดด,joy
เวลานึกถึงเรื่องเก่าแล้วยิ้มตาม ถึงแม้ก่อนหน้านี้ครั้งที่เสียใจเราเคยคิดว่ามันไม่น่าเกิดขึ้นแต่พอเวลาผ่านไป นึกถึงอีกทีก็มีความสุข,joy
แล้วฉันมีความสุขครั้งสุดท้ายเมื่อไหร่กัน,joy
@ptrk_bb แฮปอีบัว มีความสุขมากๆเกรดดีๆ ติดมหาลัยไวๆ สมหวังทุกอย่างเล้ย หายไวๆโน๊ะ ดูเเลตัวเองดีๆ??????,joy
ปีใหม่กึดไว้จะไปแอ่วตี้นู่นตี้นี่ กึดละมีความสุขขนาด แตาประเด็นคือเงินออกสิ้นเดือน แล้วต้องทำงานวันตี้ 2 เหมือนไผ๋เอาเข็มมาจี้ลูกโป่งแตก!!!!,joy
โง่แล้วมีความสุข กับฉลาดแล้วทุกข์ บางคนก็เลือกที่จะโง่นะ #perpaiwanwan,joy
ใช่กูเห็นแก่ตัวกูไม่เคยเลือกอะไรที่กูไม่มีความสุขหรอก,joy
หน้าพี่เขาดูมีความสุขมากจริงๆ มองแล้วก็คิดถึงน้อง~ ???? ?? https://t.co/2ga08dAequ,joy
@BaRonmsx  สุขสันต์วันเกิดครับยัยหนู มีความสุขมากๆนะ คิดสิ่งใดขอให้สมความปารถนาเป็นเด็กน่ารักของพี่ๆไปนานๆนะครับ ?? #บารอนซ่าขอท้าโชว์เอ็น,joy
@twicestay เห้ย สงสัยเธอจะแต้มบุนไม่ถึง  เลยอดดูดี๋การะต๊า น่าวงวารอะ ไม่ร้องไห้นะ ขอให้มีความสุขกับความฉลาดอันล้นเ… https://t.co/OoNz9su4bY,joy
สุขสันต์วันเกิดล่วงหน้าค่ะขอให้มีความสุขมากๆนะคะ,joy
ขอให้หมาแท มีความสุขมากๆ ประสบความสำเร็จ อยู่กับเมียนานๆ55555555 รักนะ จุ้บๆ??? #TaeTaedaywithSasha,joy
"@DMCupdates 
กราบหลวงพ่อคุณครูไม่เล็ก
ขอให้มีความสุข มีความแข็งแรงๆค่ะ https://t.co/WVvvShamAw",joy
เดี๋ยวนี้อะไรๆก็นูน่า ชุ้นล่ะมีความสุข 555555,joy
ไม่ได้อยากมีแฟนแล้วอ่ะ อยากมีเงิน มีความสุข มีเวลาติ่ง ได้อยู่กับครอบครัว ได้ทำไรที่อยากทำก็พอละ นี่ไง ความคิดอันตรายไง /พายมือไปทางคาน,joy
เห็นคนที่เรารักมีความสุขเราก็มีความสุข,joy
"ซอฮยอน: ""ฉันมีความสุขมากค่ะที่ได้มีส่วนรวมในละครดีๆแบบนี้ ทั้งยังได้รับการต้อนรับอย่างอบอุ่นจากทีมงานด้วยค่ะ""… https://t.co/hN3kjhTaiK",joy
ชอบรูปเซ็ตนี้มาก ฝานดูมีความสุขเวลาอยู่กับลูกบาส ฮืออออ ???? #wuyifan https://t.co/SwwBhzj0wc,joy
แบมบอกแบมชอบสกายไดวิ้ง มาร์คยกยิ้มเลยอ่ะแกรรรรร พี่เขาดูดีใจเนอะ มีความสุขมากเลยสิ ทริปพี่เขานิ โอ้ยยยยยยยยย อิจฉาค… https://t.co/i9ytOhXUmT,joy
"บ๊อบบี้ : มีความสุขจังงงงงงงงง
ขอบคุณครับ??????????? มีความสุขมากเลย??? ฮ่าาาาาาาา ผู้ชายที่มีความสุข",joy
"พอเวลาผ่านไป นึกถึงอีกทีก็มีความสุข
แสดงว่าตอนนั้นเรามีความสุขกับมันจริงๆสินะ",joy
@DMCupdates กราบถวายมุทิตาสักการะเจ้าค่ะ... ขอให้ท่านมีสุขภาพแข็งแรง อายุยืนยาวมีความสุขมากๆเจ้าค่ะ,joy
HBD ครับคนสวย มีความสุขมากๆ สุขภาพแข็งแรง น่ารักแบบนี้ำปนานๆนะครับ ได้การ์ดรึยังเอ่ย ถือว่าเป็นของขวัญวันเกิดนะครับ #บารอนซ่าขอท้าโชว์เอ็น,joy
5นาทีก็มีความสุข ขอบคุณที่รอ ขอบคุณที่รักกัน #ทารอยหมูหวาน @muwaan1 ???????????????????????????????????????????????? https://t.co/RAzf40vmBe,joy
ถ้ามีปุ่ม skip ไปหลังสอบได้นะ ชีวิตจะมีความสุขขึ้นอีก 90 %,joy
"รักนะ คิดถึงมากๆเลย มีความสุขมากๆนะ
คนเก่งของอคน. ???????? https://t.co/4YNHeHAtd6",joy
ตอนเล่นสกายไดวิ่งนี่ก็เห็นฟันพี่บีครบทุกซี่จริงๆ ชิคเชิคก็อะไรหายหมด ตื่นเต้นดีดเป็นเด็กๆ เลย ดีอะ ชอบพี่บีมุมแบบนี้ ดูมีความสุขสุดๆ เลย ????,joy
เวลามีความสุขจะทวิตน้อยมาก,joy
แคน @CanAtirut ออกเดินทางละค่ะ เต็มที่และมีความสุขกับการทำงานค่ะ รอชมภาพ และการรายงานสดนะคะ  #canthestar8_fc ????… https://t.co/r6zZOSkPj9,joy
เอาซี๊ ใครว่างานคู่ไม่มี งานนี้สัมฯคู่นาจา มีความอัพเกรดของงานอีดิท ?????? มีความสุขทั้งน้ามตา cr.onclip… https://t.co/mqAGMdGTGS,joy
ก็ยังติดนิสัยตื่นมาแล้วคว้าโทรศัพท์เปิดทวิตนอนกลิ้งเล่นบนเตียงอยู่เป็นชั่วโมง มีความสุขดีแต่ไม่ค่อยมีประโยชน์,joy
[TRANS] โฮชิ: ฝันของเซเว่นทีนคือการที่ได้อยู่ด้วยกันนานๆ แล้วก็มีความสุขเวลาได้ทำกิจกรรมด้วยกัน ?FALLinHOSH,joy
มีความสุขมากใช่ปะ ดีใจด้วยนะ จะได้เจอกันแล้วนี่,joy
@petchingnip HBD นะคะพี่เพชร มีความสุขมากๆนะคะ ?????,joy
@Nseriesofficial ขอบคุณที่คิดแท็กให้นะครับ?? ดีใจสุดๆเลยจะอยู่กับทุกคนไปนานๆเลยครับขอให้ทุกคนมีความสุขเหมือนกันนะ #บารอนซ่าขอท้าโชว์เอ็น,joy
ชอบทุกฉากที่พระนางไม่ได้เข้าคู่กันอ่ะ มีความสุขกับการดูตัวประกอบมาก เป็นกำลังใจให้พระนางนะฮะ เชื่อว่ายังพัฒนาได้อีกเยอะ #ดาวหลงฟ้าภูผาสีเงิน,joy
พอไม่คาดหวัง เราก็มักจะมีความสุขได้มากกว่า,joy
วันไหนที่คนอื่นเงียบๆพี่ม้าคจะบ้าอยู่คนเดียว พี่แกมีความสุขไม่ถูกเวลาเสมอ55555,joy
บ๊อบบอกว่ามีความสุขมาก ผมเป็นผู้ชายที่มีความสุขมากๆ /ที่บอกมานี่เพราะคนด้านขวาของพิที่ยกนิ้วโป้งใช่มั้ยคะ ต้องใช่แ… https://t.co/2nKMTw9Tww,joy
ถ้าเราไปบัตรถูก แต่เราไปแล้วไม่เห็นอะไรไม่ได้อะไร ไม่มีความสุข จะไปทำไม ไปให้ฮอลเต็มแต่ไม่มีกินทั้งเดือน นี่หรอความรัก #หมั่นโถวโถ่วชีวิต,joy
เป็นคนที่ชอบถ่ายรูปอะไรรอบๆตัวมาก ถ่ายบรรยากาศ ถ่ายต้นไม้ใบหญ้า ตึกรามบ้านบ้านช่อง ผู้คนที่ผ่านไปมา พอมาย้อนดูมันมีความสุขดีกับอะไรพวกนั้นดี,joy
มีความสุขม้าดดดด #ทวงแบมจากมาร์ค https://t.co/pX5rjEGhle,joy
ตอนนี้มีความสุขดีกับสิ่งที่เลือก จะยินดีหรือไม่ยินดี ไม่ว่าจะพูดหรือรู้สึกอะไรสุดท้ายพวกเธอมันก็แค่คนอื่นอ่ะ,joy
สบายใจสบายท้องอิ่มจังมีความสุข,joy
สุขสันต์วันเกิดกระต่ายน้อยของฮยอง น้องๆ แล้วก็แฟนๆทุกคนนะคะ ขอให้มีความสุขมากๆแบบนี้ตลอดไปเลยนะ &gt;&lt; #HolupItsBobbyDay https://t.co/aWcXgeaIKA,joy
โชคดีนะครับยินดีด้วยและอวยพรให้มีความสุข,joy
"คิดถึงทุกสิ่ง 
ทุกวินาที 
ช่วงเวลาดีๆที่ได้อยู่ด้วยกัน 
มันดี เเละมีความสุข 

#แค่นึกถึงวันเก่าๆที่เราเคยมีความสุข https://t.co/3lBtrBvbC6",joy
เจี๋ยฉงของพี่หิน วันนี้เป็นวันเกิดครั้งแรกในการเดบิวท์เลยนะ มีความสุขมากๆนะ^^ #??? #??? #PledisGirlz… https://t.co/xgQ4nrSxhD,joy
มีความสุขที่สุดตอนช้อปปิ้งกับกินแล้วก็แช่ออนเซนตอนหนาวๆ,joy
"Happy Birthday to youuuuu
ขอให้ทุกๆวันเป็นวันที่ดี มีความสุข… https://t.co/wbge1Tanql",joy
มีมึงบางทีมันก็มีความสุข แต่บางก็แค่บางทีอะ,joy
"อะไรมันจะมีความสุขไปกว่า
- การได้กินของที่อยากกิน/ของกินที่ตัวเองชอบ
- การได้นอนแผ่บนเตียงแบบไม่มีอะไรคั่งค้างให้รำ… https://t.co/x4Lya0JEMP",joy
เรามีความสุขกับคนที่เราอยากรักษาไว้ในชีวิตแค่นี้แล้ว,joy
เคยคุยกับใครแบบไม่มีสถานะป่ะ คุยทุกวันเหมือนแฟนแต่ไม่ได้บอกรัก เวลาหายไปไหนก็คิดถึง แต่หวงหึงไม่ได้ จะว่าเศร้าก็เศร้าแต่ก็มีความสุขที่ได้คุย,joy
@nning1x แต่อยู่นี่แล้วมีความสุขคือกูพยายามเข้าใจทุกๆเรื่องที่เขาสอนอ่ะ แบบไม่ได้ก็ต้องได้ไม่ขยันแบบเพื่อนกูด้วย,joy
"I feel happy every time I see your smile.

- ฉันรู้สึกมีความสุขทุกครั้งที่ได้เห็นรอยยิ้มของคุณ",joy
ให้กุมีความสุขช่วงปีใหม่ไม่ได้หรอ ????????,joy
อยู่กับเขา แกคงมีความสุขแล้วแหละ :),joy
เดือนนึงแล้ว นี่เป็ยประโยคสุขสันต์ของผัว บอกออกมาจากก้นบึ้ง และมีความรักเต็มประโยค ,joy
เฮ้ยย วันนี้วันเกิดเเกใช่มะ มีความสุขๆมากๆนะ ยิ้มฟันเหยินๆของนายให้เยอะๆเพราะฉันชอบรักนะบ็อบ #HolupItsBobbyDay https://t.co/fNQE5Lrp0Z,joy
รักมากนะ..แต่ขอเก็บไว้ในใจ ไม่รู้ว่าความรู้สึกนี้จะจางหายเมื่อไหร่.. ขอให้มีความสุขสมหวังนะคะ,joy
นี่ก็งงไม่เขาใจตัวเองเหมือนกันเวลาเจอเรื่องเครียดๆพอมาเห็นรูปของศิลปินที่เรารักเห็นเขายิ้มโคตรมีความสุขกุก็หายเครียดจากเรื่องนั้นทันที #เพ้อ,joy
อย่างน้อย เธอก็ทำให้ฉันรู้ว่า เคยมีความสุขเพียงใด https://t.co/7TezXkdkRF,joy
แม้ไม่มีความสุข ก็ขอให้มีความทุกข์ที่ทนได้,joy
สุขสันต์วันเเก่ มาช้าดีกว่าไม่มาเนอะ มีความสุขมากๆ สวยๆ รวยๆ สุขภาพร่างกายเเข็งเเรง รักเหมือนเดิมเพิ่มเติมเดี๋ยวบอก… https://t.co/NNMLYz2REf,joy
ทุกครั้งที่บอกว่าจะไปเรียนเมืองนอก มึงก้อไปจริงๆเหอะ ปีนั้นจะเปนปีที่มีความสุขมาก,joy
ชีวิตดี๊ดีมีความสุขเมื่อกลับบ้าน,joy
ขอบคุณนะอลิซ.ยีหัว มีความสุขกับงานคริสมาสต์นะคะ #ลานกว้างฮอกวอตส์ https://t.co/mMo54A72kL,joy
เขาอยู่ได้ มีความสุข เราก็มีความสุข จะดลับไปเป็นความทุกข์ของกันและกันทำไมละเนอะ,joy
จะพูดว่ารัก มันคงนานกว่านี้อีกมากๆ แต่นี่ก็มีความสุขดีแล้ว ไม่ใช่แฟนแต่ทำแบบนี้ถ้าบอกพี่น้องนี่ กุภาพตัดเลยนะ https://t.co/TYodqDqw37,joy
คนชิคมีความสุขมาก 55555 #GOT7HARDCARRY https://t.co/3aLdLTkOt1,joy
"เค้าดูมีความสุขเวลาอยู่ด้วยกันจังค่ะ ??

@peakpeemapol @BoomKrittapak 
#peakpeemapol #BoomKrittapak 
#ustarmirtrip https://t.co/7uN7xlMjLM",joy
ขอให้น่ารักแบบนี้ตลอดไป ขอให้มีไก่กินตลอดปี เพี้ยง! สาธุ ไม่ใช่ละ?? ขอให้มีความสุขแล้วก็อยู่กับแฟนคลับตลอดไปนะ??… https://t.co/DToxg26EdI,joy
เป็นคนเดียวที่อยู่ด้วยแล้วมีความสุข,joy
"ถ้าอยากให้ชีวิตนี้มีความสุข ""จงอย่าใช้ชีวิตของตัวเอง อยู่ในชีวิตของคนอื่น!!!!!!!! ""  พี่คนนึงได้กล่าวไว้...",joy
[ @hanbintagx ?? ] HBD2MYCOLD?? ขอให้มีความสุขมากๆนะครับพี่ น่ารักแบบนี้ไปนานๆ แล้วก็ขอบคุณที่มารู้จักกันนะ ขอให้อยู่… https://t.co/OHYb1PuQ8G,joy
โคตรมีความสุขเลยยยยยยยย,joy
เห็นเธอมีความสุขเค้าก็โอเคคค,joy
ชอบความสัมพันธ์ที่ไม่ใช่แฟนแต่ก็ไม่ใช่เพื่อนคุยด้วยแล้วมีความสุขไม่ต้องเป็นมากกว่านี้แต่แค่อย่าหายไปก็พออะ????,joy
คิดถึงตัวเองตอนมีความสุข https://t.co/S96A3Jntw9,joy
มีความพ่อแม่ลูก  มีความครอบครัว โอ๊ยยยยย พ่อของลูกสุด ครอบครัวสุขสันต์มากค่ะ555555 #Legendofthebluesea https://t.co/gDu3TflAr7,joy
"""ทุกคนมีความสุขที่ได้อวยพร!! ผมรู้สึกเหมือนเป็นคนพิเศษเลย!!""

บ๊อบบี้",joy
มองหน้าแม่ เห็นแม่มีความสุข เห็นแม่ยิ้ม หัวเราะ แล้วไม่อยากจะคิดเลยว่าถ้าวันนึงแม่ไม่อยู่แล้ว เราจะอยู่ยังไง,joy
เขามีความสุขแล้วนี่ ก็ดีแล้วไม่ใช่เหรอ เราควรปล่อยเขาไปเจออะไรที่ดีนะ :),joy
เห็นคนที่เรารักมีความสุขเราก็มีความสุข??????,joy
แกล้งหมาละมีความสุข5555555555 https://t.co/hFBWMRpwAb,joy
ช่วงเวลาที่มีเธออยู่ มันมีความสุขดีเหลือเกิน.,joy
@PeGuzso HBD ค่ะพี่พี มีความสุขมากๆ สมหวังทุกประการ อยากติ่งได้ติ่งยาวๆไป มิสๆค่าา ??????,joy
หากว่ามันซับซ้อน แต่มีความสุข ก็ดีแล้ว https://t.co/4WkEryfbDk,joy
Sing | เป็นอนิเมชั่นที่ดูเพลินมาก เนื้อเรื่องบันเทิง เพลงเพราะมากมาย ดูจบแล้วมีความสุข แฮปปี้ทุกเพศทุกวัยแน่นอน (B+) #movietwit,joy
“ปาฏิหาริย์ ไม่ใช่การเดินบนน้ำ หรือบินอยู่บนอากาศ  แต่ปาฏิหาริย์คือการเดินอยู่บนผืนดินและมีความสุขในทุกย่างก้าว” - ท่านติช  นัท ฮันท์,joy
#ฝากถึงปี2017 ขอให้สอบติดสายที่อยากเรียน ขอให้ตัวเองมีความสุข ขอให้ใจอย่าพังแบบปีนี้เลย แบกใจมาถึงตอนนี้ก็ดีแค่ไหนแล้ว,joy
ขอให้มีความสุขทุกนาทีของชีวิตนะ ประสบความสำเร็จในสิ่งที่รัก และเป็นที่รักของทุกคนที่พบเจอ พักผ่อนเยอะๆนะ รักมากๆเลย… https://t.co/0lo7AjGZG3,joy
@BSutida_Stp   แฮปปี้เบิร์ดเดย์ ย้อนหลังนะมึง มีความสุขมากๆๆที่สุด มีผัวกะเค้าสักทีนะ คิดถึงมากอยากเจอ รักนะจุ้บจุ้บ,joy
จงปลดปล่อยตัวเองให้มีความสุข เท่าที่ชีวิตอนุญาตให้คุณมี อย่าจมดิ่งกับความเศร้า แล้วก็เอาแต่โทษตัวเอง เพราะเมื่อวานนี้ ได้ผ่านไปแล้ว,joy
มีความสุขทุกครั้งที่ได้คุยยย55??,joy
พิจิ่งเท่สุดๆไปเลย ยิ้มสดใสมีความสุขเวลาได้ทำสิ่งที่ตัวเองรัก???? #jingyu #huangjingyu #heroinwebseries https://t.co/kxPHGRd9Kc,joy
เรามีความสุขได้ถึงแม้ว่ากลางคืนเราจะนอนร้องไห้คิดถึงเขาอยู่...,joy
"บ๊อบเม้นท์ :
มีความสุขมากที่ทุกคนมาอวยพรวันเกิด!!!!! เหมือนเป็นคนสำคัญเลย",joy
ได้แต่นี้ก็มีความสุขแล้วละ,joy
"ฉันค้นพบว่าไม่อยากอยู่กรุงเทพ 
อาจต้องทิ้งความฝัน (อะไรยังสอบไม่ติดเลย)
เพื่อไปอยู่ที่ที่มีความสุข ที่ดีต่อใจ",joy
ไม่ใช่นางเอก แต่คิดถึงพระเอกทุกวัน...เลยสินะ...อร๊ายยย...ฉันมีความสุข #weightliftingfairykimbokjoo #อยากดูแล้ว https://t.co/gSy8lmb9sH,joy
@luktarncandoit บางทีก็ไม่รู้ว่าความสุขคืออะไร รู้แค่ตอนนี้มีความสุขยังงั้น,joy
ไม่อยากห่างกันเลย... อยู่ด้วยกันแล้วมีความสุขมาก,joy
เค้าไม่ได้เสียใจเลยสักนิด เหมือนมีความสุขดีที่ไม่มีเรา,joy
"วันไหนที่เหนื่อยเพลียมากๆ
พอได้ทิ้งตัวลงนอนบนที่นอน
มันเป็นโมเมนต์ที่ มีความสุขมากกกเลยนะ??",joy
พี่แบค gif นี้กินแบบน่าอร่อยมาก กินแบบมีความสุขสุดๆอ่ะ มีความสุขมากเวลากินของอร่อยๆ ฮืออออ น่ารักก เคี้ยวเต็มปาก555… https://t.co/lZXrScksLj,joy
เป็นแจ้งเตือนที่เห็นก็มีความสุขละ,joy
ทั้งสองมีความสุข พวกเราก็มีความสุข @Sometimespotae @neayyy_ https://t.co/jekEwVMzmX,joy
ญี่ปุ่นเป็นประเทศที่ อย่าประหยัดเลยตอนไปเที่ยวอะ ของกินแม่งเทพมาก แพงก็ช่าง ซื้อๆแดกไปเหอะครับ มีความสุขกว่ามานั่งแดกข้าวปั้นเซเว่นทุกมื้อ,joy
ขอให้ปีนี้และปีหน้าเป็นปีที่ดีสุด ขอให้ทุกคนที่มึงรักมีความสุข… https://t.co/Pfk3KAHkge,joy
ฟังเพลงแจ๊สคริสมาสแล้วมีความสุข ผ่อนคลายดี นี่เป็นคนชอบวันคริสมาสนะแต่เฉยๆกับวันขึ้นปีใหม่,joy
@Som5555555 ดูหน้าพี่เขามีความสุขมีเล่เหลี่ยมแปลกๆนะคะ5555555,joy
@Jun2daKAY มีความสุขดีจังเลยย,joy
เดินมองข้างหลังแบบนี้ก็มีความสุขแล้ว,joy
#ForLife ชอบอัลบั้มฤดูหนาวของ EXO ตรงที่เราจะได้ยินเสียงร้องของพวกเขาแบบชัดมาก เพราะดนตรี soft อบอุ่น เศร้า มีความสุข ปนกันไป...,joy
เห็นแกมีความสุข เราเองก็มีความสุข ยิ้มเยอะๆนะคะ น่ารักดี,joy
ในที่สุดพาร์ท 15 ก็ได้ยินเสียงพรอมโต้ววว มีความสุขขข,joy
เวลามีความสุขทวิตน้อยจริมๆ,joy
@TaoPhiangphor @KachaNontanun มีความสุขอยู่ในภาพถ่าย :3 #TaoKachaShipper https://t.co/jtHBrGWxBV  #taophiangphor… https://t.co/F6UvPvWqqC,joy
เอาใหม่ๆ มีความสุขเรื่องผู้ชายจัง,joy
ถ้าตัดเรื่องสอบกับเรื่องไม่มีเงินไป ช่วงนี้มีความสุขจัง,joy
แต่งเมียเมื่อไรร่อนการ์ดมาให้กัน 555 มีความสุขมากๆ ดูแลตัวเองด้วย คิดถึงมึงว่ะไอ่เกลอ ???? #เพื่อนโจวววว #เพื่อนรักส์ https://t.co/KfiSUzxkJi,joy
พี่ฟรอบอกว่า อยากจะใช้ชีวิตโดยเวลาเดินไปพร้อมๆกับหญิง (ให้นาฬิกา) สัญญาว่าจะมอบเวลาที่มีความสุขแบบไม่มีอะไรเทียบได้… https://t.co/nc5Ns5btyn,joy
13 #พ่อบ้านใจกล้าชานซู เป็นฟิค comedy อีกเรื่องที่ชอบมากๆ อ่านแล้วมีความสุขสุด ขำแทบจะทุกตอนเลยจริงๆ ชอบบบ ????,joy
ดันเผลอไปคิดถึงปลายทางที่น่าเศร้าจนลืมไปว่าระหว่างทางมันมีความสุขแค่ไหน,joy
อยู่กับพวกมันจนไม่มีเวลามานั่งเศร้าอ่ะหัวเราะชิบหายหมดไม่เหมือนคนเศร้าเลยกูยิ่งอยู่ยิ่งมีความสุข #เลิฟยูววว?? https://t.co/oyqhGaxv43,joy
@TASU_FUNAMI เกาหลีคนยื่นเยอะทุกปีเบยย คนเรียนเกาหลีดูแบบมีความสุข สู้ๆน้า,joy
เมื่อเพื่อนพาแฟนไปซื้อเครื่องสำอาง ละดูมันโพส มึงมีความสุขจากอะไร นี่แหละผู้ชาย 55555555555555555555555555555555555… https://t.co/hcXo8Q9o5C,joy
ฉันมีความสุขนะที่เห็นว่าเธอเองก็มีความสุขเหมือนกัน - พิกเล็ท (Winnie the Pooh),joy
มีความสุขมากๆนะคะคุณกาตุ่ย รอฟังเพลงใหม่อยู่นะคะ ขอให้เป็นปีที่ดีนะคะ #HOLUPitsBOBBYday https://t.co/WKsoi4K3TD,joy
วันนี้โคตรมีความสุขเลย ?? ถึงจะทาดูเอาตอนจะจบแล้วก็เถอะ อูซอกอุ้มยูโตะลอยเลยยยยยยยย https://t.co/VAgTm5BcEk,joy
"เพราะฉันมีความสุข เสมอแค่เธอยืนข้าง ๆ
ฉันจะให้ทุกสิ่ง เพื่อรักเราเป็นอย่างวันนั้น
แม้สักเล็กน้อยเธอโปรดบอกฉัน ว่าเธอยังรู้สึก",joy
แอคนี้จริงๆแล้วสร้างใหม่เพราะอยากให้มันเป็นพื้นที่ของเรา เรามีความสุขบนที่ตรงนี้ โอเคนะ,joy
เป็นภาพที่ดีงาม ดีต่อใจ หลายๆอย่างช่วงนี้มีแต่สัญญานดีๆเข้ามาจริงๆ ขอให้งานดี เงินดี มีความสุขดี มีมิตรภาพดี แบบนี้ตลอดไปนะ สาธุ ??????,joy
เหยดดด กว่าจะได้กิน รู้สึกมีความสุข พิกัดในตู้ไอติม?????? #รีวิวเซเว่น https://t.co/7t3sAxv0Hm,joy
"ข้อความของเฉินบนโฟโต้การ์ดอัลบั้ม For Life

เกาหลี: จบปี 2016 อย่างอบอุ่นและมีความสุขไปกับ EXO นะครับ~??
จีน: EXO-L… https://t.co/NdTrvwSKJB",joy
ฮาพี่จิน พี่เค้าดูมีความสุขกับการกิน 55555555555555555555,joy
@KIDpokerface hbd น้าเตงง มีความสุขมากๆ  กวาดเอได้เยอะๆ สวยวันสวยคืน สุขภาพแข็งแรงนาจาา จุ๊บๆ ????,joy
เป็นภาพที่ดีงาม ดีต่อใจ หลายๆอย่างช่วงนี้มีแต่สัญญานดีๆเข้ามาจริงๆ ขอให้งานดี เงินดี กระแสดี มีความสุขดี มีมิตรภาพดี แบบนี้ตลอดไปนะ สาธุ ??????,joy
@mtbot93 กินอย่างมีความสุขนะครับ ไม่งั้นจะไม่ให้อีก,joy
โอ๊ยยยย ไม่ต้องบอกก็รู้ว่ามีความสุขขนาดไหน ดูหน้าก็เฉลยคำตอบหมดล่ะ ???? #YUGBAM https://t.co/zg1GSNhki4,joy
รอยยิ้มเธอ..คือ the best ของผมอ่ะแค่มองก็มีความสุขแล้ว ไม่ต้องครอบครองหรอก และก็ไม่อยากให้ใครมาครอบครองด้วย 555555555,joy
"ถ้าเรามีความสุขกับการกินเราจะไม่อ้วนเว่ย//หลักการกูเอง
#HowtoPerfect #HowtoBeBeauty",joy
ผมเป็นผู้ชายที่มีความสุขมากๆ นี่มันตีความได้หลายอย่างละเกิน แฟนมาเซอร์ไพรซ์อะไรงี้ปะคะ เหิ่กกกก หัวใจชิปเปอร์,joy
ถึงจะไม่เป็นอะไรกันแต่ก็ห่วงหวงโกรธอยากให้น้องยิ้ม ยิ้มแบบที่เคยยิ้ม ที่สำคัญยิ้มกัน หรือเค้าก็มีความสุขอยู่ละเราคิดไปเองปะ,joy
ชอบเวลาตัวเองมีความสุข หัวเราะขั้นรุนแรง ไม่มีพื้นที่ให้กับเรื่องไรเลย แต่สักพักมันก็หายไป,joy
ขอบคุณเรื่องราวของพ่อบ้านและทูนหัวที่แสนน่ารักแบบนี้นะคะ ขอบคุณมากๆเลย เรื่องนี้เป็นเรื่องที่อ่านทีไรก็มีความสุขค่ะ #พ่อบ้านใจกล้าชานซู,joy
นึกภาพเมื่อตอนเที่ยงแล้วมีความสุขจังวะ,joy
มีคนชอบถามแบบไปไหนแต่งงี้ เอ้ออ ก็ตัวกูอะ มันอยู่ที่ความพอใจงี้ แต่งให้ตัวเองดูดีงับ มีความสุขเวลาได้แต่งตัวยืนดูตัวเองหน้ากระจกงี้,joy
ชอบชีวิตตอนที่ทุกอย่างผ่านไปเรื่อยๆ ทำสิ่งที่ตัวเองชอบไปเรื่อยๆ มีความสุขได้เรื่อยๆ ในแบบที่พอดี,joy
@dneekaaeiei โอ้ยยย มีความสุข555,joy
ขอบคุณอินฟินิทนะที่ครั้งนึงเคยได้รู้จัก เคยได้เป็นอินสปิริม เราจำทุกช่วงเวลาที่อยู่ด้วยกัน ยิ้มมีความสุขร้องไห้ไปด้วยก้น,joy
ระยองมีความสุขมากกว่าที่คิดนะ  #เขาแหลมหญ้า #ReviewThailand  #ReviewRayong https://t.co/weFkvh2PvX,joy
เป็นคนน่าเบื่อนะ ชอบกินอะไรก็จะกินแต่เมนูเดิมๆ ไปที่เดิมๆที่สบายใจ ก็มีความสุขดี,joy
หน้าดูปริ่มดูมีความสุขกับการได้แกล้งฮื่ออออออนั้ลล้ากกกก?? #gongyoo #?? https://t.co/RNhxjsUn27,joy
คิม จีวอนฮยองคนโปรดของดงฮยอก คนที่คอยดูแลน้องมาตลอด สุขสันต์วันเกิด มีความสุขมากๆนะคะ รักษาสุขภาพด้วยนะ????… https://t.co/8dttAzVwBb,joy
ช่วงที่ทำงานที่กระปุก การเห็นบทความที่เราเขียนคนอ่านเป็นหมื่น ๆ แสน ๆ เนี่ยโคตรมีความสุขเลย,joy
"ชอบคุณนะที่ผ่านเข้ามาในชีวิตเค้าอ่ะ 
ถึงจะสั้นแต่ก็มีความสุขนะ ขอบคุณจริงๆ??",joy
"ชอบเวลายัยน้องกินอะไรสักอย่างอ่ะ เป็นคนที่กินอะไรก็ดูอร่อยมาก กินแล้วมีความสุขก็กินเยอะๆนะเด็กดื้อ~

?Cherish_Hyun
https://t.co/m8svssPReY",joy
มีความสุขมากๆ เป็นเพื่อนกูตั้งแต่ ม.ต้นละ มีเรื่องอะไรก็มีมึงนี่แหละช่วย เป็นเพื่อนกกับกูนานถึงกูจะไม่ค่อยมีปยอะไร5… https://t.co/1APvxndZk3,joy
@guu_zc เดี๋ยวถึงเวลามันก็มี เเต่เล่นเกมแล้วมีความสุขก็เล่นไปเถอะ ดีกว่ามีแฟนอีก-3-,joy
"มักจะเป็นคนที่ดูมีความสุขเสมอ 
ถึงแม้จะไม่มีก็ตาม",joy
"สิ่งที่ทำเวลาไม่มีเงินคือเริ่มย้อนคิดว่ากูเสียเงินไปกับอะไรบ้างแล้วก็นึกเสียใจว่ากูซื้อมันมาทำไมวะเงินไม่เพิ่มที่เพิ่มคือความเศร้า	",sad
"บางทีก็ไม่เข้าใจตัวเองเลยตอนแรกก็เหมือนจะอารมณ์ดีอยู่ แปปๆดิ่งลงแบบเศร้ามากไม่รู้เศร้าอะไรหม่นไปหมดทั้งนอยด์ทั้งเฟลทั้งเบื่อ คือเป็นไรไม่รู้	",sad
"มะกี๊คุยกันถึงเรื่องโรคซึมเศร้า ก็เลยถามจะมีอาการเป็นไง น้องบอกข้อแรกมาว่าจะเบื่ออาหารไม่อยากกินไร สรุปข้อแรกกูก็ไม่เป็นและ จบ	",sad
"อนุญาตให้ตัวเองเศร้าเถอะ มันไม่เป็นไรหรอก	",sad
"สาวสุดเศร้าส่งสุนัขขึ้นเครื่องเตรียมกลับประเทศ กรงหลุด จนท.ยิงตายคาสนามบิน
เกาหลีใต้มั้ยล่ะมึง มนุษย์นี่น่ากลัวเนอะ	",sad
"มิ้นไม่เศร้ากูเอฟซีมึงนะ	",sad
บทเศร้านี่มีให้ไม่เคยเกินสองนาทีนะเรื่องนี้ดราม่าบ้างก็ได้โอ้ยยยยย,sad
เศร้าเว่อ,sad
"ไม่ชอบตอนกำลังอารมณ์ดี กำลังมีความสุข แล้วจู่ๆก็มีเรื่องเศร้ามาฉุดอารมณ์ให้ดาวน์อ่ะ แล้วหลังจากนั้นอารมณ์กูแม่งก็ดาวน์ไปเลยทั้งวัน	",sad
"ตอนนี้เศร้าจังอารมณ์เพลงพาไปล้วนๆ	",sad
ช่วงนี้ไม่ได้อ่านนิยายที่เป็นเล่มๆ เลยเศร้าสอบอีกละห่า,sad
"เธอคือเรื่องเศร้าที่สุดที่เคยทำให้ฉันยิ้มได้	",sad
"เหมือนจะมีความสุขนะแต่ก็ไม่แต่ก็ไม่ได้ถึงกับเศร้าอะไรขนาดนั้น	",sad
"อยากมีแฟนจัง แต่ไม่มีใครมาจีบเลยค่ะอห.เศร้าฉิบหาย	",sad
"เมื่อวานกลับไปอ่านหลงเลยเตรียมแก้แล้วด้วย โอ้โห คิดถึงประธานแต่ร้องไห้ก็ร้องไม่สุด นี่ว่าจะกลับมาแก้ตรงที่เศร้าๆ เอาให้สุด เอาให้ร้องงอแง	",sad
"เศร้าก็อย่าฝืนยิ้ม แต่ทุกข์ก็อย่านาน ความทุกข์เจอแล้วก็ปล่อยผ่าน อย่ากอดเก็บเอาไว้	",sad
"แม่งเครียด เครียดจนพาล พาลเครียดทุกเรื่องคิดมากทุกเรื่อง เศร้าไปหมด เรื่องจุ๋มจิ๋มก็เครียด หนังตลกก็เครียด เครียดดด!! #dek60 #โควตามข	",sad
"เคยคุยกับใครแบบไม่มีสถานะป่ะ คุยทุกวันเหมือนแฟนแต่ไม่ได้บอกรัก เวลาหายไปไหนก็คิดถึง แต่หวงหึงไม่ได้ จะว่าเศร้าก็เศร้าแต่ก็มีความสุขที่ได้คุย	",sad
อยากเมาให้ไปกินเหล้า อยากหายเศร้าให้มากินเรา,sad
"บางครั้งกูก็หัวเราะไปงั้นแหละ ยิ้มไปงั้นแหละ จริงๆในใจแม่งเศร้าจะตายห่า เศร้าแบบหมดอาลัยตายอยากมาก แต่ก็เสือกแกล้งว่ามีความสุขต่อหน้าคนอื่นๆ	",sad
"ดูแลตัวเองเพื่อคนที่รักเราดีกว่ามัวแต่เศร้าเพราะคนที่เค้าไม่ได้รัก	",sad
"และเราก็รู้ทุกอย่างมันน่าเศร้า	",sad
ฟิคนี่บทจะเศร้าก็งื้อออ บทจะเขิลก็งุ้ย,sad
"เคยอ่านบล็อกของคนที่เป็นโรคซึมเศร้าคนนึง เขาเขียนว่าเคยเกรี้ยวกราดชอบขว้างปาข้าวของใส่คนรัก ดีที่คนรักเขาเข้าใจ ความเกรี้ยวกราดก็เป็นสัญญาณ	",sad
ตอนแรกบอกใจตัวเองว่ากับคนนี้เล่นๆนะแต่ตอนเขาไปกูเศร้าทำไม,sad
น้องดูมีความสุข ถึงผมน้องจะสั้นมากจนพี่เศร้ามากแค่ไหน แต่พี่ก้จะมีความสุขตามน้องนะ ฮรืออออออออ,sad
"กูไปถามละสายไฟเบอร์มาไม่ถึง ต้องเสียค่าต่อสายอีกหลายร้อยเลยอะเศร้า	",sad
เศร้ากว่าไม่มีคือเคยมียังต้องการมึงกลับมานะเว้ย,sad
"พี่พูดว่า ไม่ไหวก็บอกไม่ไหว การร้องไห้มันไม่ได้อ่อนแอขนาดนั้น บล็อกตัวเองว่าไม่เป็นไรมันไม่ได้ ถ้ามันเป็นก็ต้องบอกว่าเป็น เศร้าก็บอกเศร้า	",sad
เผื่อใครไม่เคยฟังพี่เอกร้องเพลง เพราะอยู่นะ แต่เพลงที่อัพล่าสุดแอบเศร้านะพี่นะโบ๊ะบ๊ะแฟมิลี่ ,sad
อาการที่จุกกับอารมณ์ใดอารมณ์นึงที่เศร้าๆครับ,sad
"รู้แล้วครั้งนี้รักคือตัวการ
ทำคนเบิกบาน ให้กลายเป็นเศร้า	",sad
เศร้าเสมอเมื่อเกรดออก,sad
"สิ่งที่น่าเศร้าที่สุดในชีวิตผู้หญิงคนหนึ่ง
คือการยอมลดคุณค่าตัวเองลง
เพียงเพื่อผู้ชายแค่คนเดียว
- เอ็มม่า วัตสัน… https://t.co/OMp26Sefbr	",sad
ดูอาการมัควันนี้นางเป็นโรคซึมเศร้ารึเปล่า ไม่พูดไม่จา  แบมก็พูดไม่หยุด ช่างเหมาะสมกันจริ๊งจริง,sad
"แทมินไปอยู่ตรงไหนได้บ้างคะซิส ไปร้องเพลงก็โดนไล่มาว่าเป็นเมนเต้นมาร้องได้ไง พอมาเต้นอย่างที่ถนัดก็โดนไล่มาว่ามายังไงอะหลงยุคเหรอ เศร้าแทนเมน	",sad
เยริร้องไห้ตอนอ่านจดหมายค่ะ แล้วพอทุกคนเศร้าตามก็ทำสดใสแล้วก็บอกว่า เราไปเรื่องอื่นกันต่อนะคะ ทุกคนก็บอกว่า,sad
"ลองนับ ๆดูเหมือนว่าจะมีโคบังไม่พอไปถึงโอคาเนะฮิระเศร้าแปป	",sad
"คนที่ไม่เข้าใจอาการของโรคซึมเศร้าก็คงด่า อีนี่บ้า โมโหร้าย อย่าไปยุ่งด้วย ใครจะรู้ว่าเป็นอาการของโรคซึมเศร้า เพราะไม่ได้ซึมหรือเศร้าให้เห็น	",sad
ไม่รู้จะเสียใจหรือหน้าแหกดีอะ,sad
เสียใจเพราะคนเดิมๆไม่รู่กี่ครั้งละ,sad
"คนที่เฉย อาจเป็นคนที่เสียใจมากที่สุดก็ได้	",sad
"บทเรียนราคาแพง ไม่ใช่บทเรียนที่เสียเงินมาก แต่เป็นบทเรียนที่เสียใจมาก	",sad
"เคยผ่านมาได้กับความรู้สึกที่เสียใจมากๆ ก็ทำให้เรารู้สึกเก่งขึ้น	",sad
"เห็นเค้ารีวิวสตกคุณนอทซัมเมอร์แล้วน้ำตาไหลมาช้าไป ไม่ได้สั่ง ฮรึก เสียใจ แงงงง	",sad
"คนที่รับฟังเรื่องที่แย่ๆในชีวิตเรา แล้วเขารู้สึกเสียใจกับสิ่งที่เราพบเจอมา ถ้าเจอคนแบบนี้อย่าปล่อยเขาไปง่ายๆนะ	",sad
โคตรดีแต่ในไทยคนดูน้อยมาก เสียใจที่บทดีๆถูกคนมองข้าม เพียงแค่นักแสดงไม่เป็นกระแสในไทย ไม่มีบทรักๆใคร่ๆหวือหว่าแบบฟินจิกหมอน,sad
พี่ไม่เสียใจที่เป็นลีดเดอร์ของเมมเบอร์ เราก็ไม่เสียใจสักนิดที่เป็นโซแอลเป็นผู้หญิงของ เพราะซูโฮมีคนเดียว,sad
"ต่อให้ไม่มีแฟนก็ไม่เสียใจนะ เรารู้ว่ายังมีจีมินแล้วก็บังทันทำให้เรายิ้มแล้วก็หัวเราะได้อยู่ พอถึงเวลามีเดี๋ยวก็มีเองแหละแฟนอ่ะ	",sad
"ก็แอบแย่นะ เป็นคนที่ชอบกั๊กความรู้สึกตัวเอง ชอบสร้างกำแพงใส่คนที่เข้ามาหา อาจเป็นเพราะว่าเคยเสียใจจนพังมาก่อน ถึงไม่ยอมเปิดใจง่ายๆ	",sad
"พอเสียใจบ่อยๆ ก็จะรู้ว่า.. เสียใจได้ แต่อย่าเสียใจและเสียเวลากับมันนาน	",sad
"ถ้าโรงเรียนอื่นรู้ว่าจริงๆโรงเรียนนี่มันเป็นยังไงเขาคงเสียใจกับไร่ผักชีนี้	",sad
"เจะร้องไห้เสียใจ..หลังจากพี่ชายลากกระเป๋าออกจากบ้าน af ..?? #songtriplets https://t.co/1w6QCgG6tI	",sad
"บางเรื่องนี่พูดไม่ได้เลย มีแต่เสียใจทั้งสองฝ่าย	",sad
"เป็นคนที่เสียใจก่อนเสมอ
แต่ก็มักจะออกมาได้ก่อนเสมอ	",sad
"อย่าดราม่ากันเลยจ้า คนที่ไม่ได้ไปเขาก็คงมีเหตุผลหลายอย่าง เราก็รู้แหละว่าอยากให้ไปกันเยอะๆอินจะได้ไม่เสียใจ แต่บางคนก็ไม่พร้อมจริงๆไง	",sad
"ทำไมรร.ต้องพรากวันศุกร์ไปจากเรา แม่งเสียใจ	",sad
"@GingGoy4 งื้ออออ เสียใจ	",sad
"ดีใจกับเพื่อนที่ติด เสียใจกับคนที่ไม่ติด	",sad
"เฮ้ออย่าพูดถึงเรื่องนี้อีกเลย มันเป็นความผิดพลาด ยิ่งคิดยิ่งเสียใจ	",sad
"เราได้ยื่นไปแล้ว เรากล้าที่จะมอบโอกาสให้ตัวเองแล้ว ดีกว่ามาเสียใจทีหลังนะ ปล. ถ้าไม่ติดรับตรงจริงๆ รอบแอดยังมี สู้นะคะ เด็ก 60 เจอกันนะ ??	",sad
"เสียใจจริงๆ	",sad
"@priwpriww พึ่งไปดูมาค่ะ คนเอาไปหมดแล้วไม่ทัน เสียใจมีแต่ตัวสวยๆ งือๆ	",sad
"@itchaxhoshi นกเลยฮือเสียใจ	",sad
"อย่าเอาความสุขไปฝากไว้กับใคร อย่าให้ใครมาเป็นความสุขของเรา เพราะถ้าวันนึงเค้าหายไปคนที่เสียใจก็คือเรานั่นแหละ หัดมีความสุขด้วยตัวเถอะ	",sad
"เป็นคนที่แบบดีใจ-เสียใจ-มีเรื่องตื่นเต้น บลาๆ โทรหาแม่อะไรๆก็คือโทหาแม่หมด คือชีวิตนี้ไม่ว่าจะดีใจเสียใจ แม่นี่ทุกอย่างของชีวิตจริงๆ?	",sad
"ฉันเสียใจ	",sad
"รู้สึกคุ้มค่ามากๆ มีทั้งเขินเศร้าร้องไห้ตลก ครบรสจริงๆ ภูมิใจแทนนักแสดงที่ถ่ายทอดเรื่องราวออกมาได้ดีขนาดนี้ อยากให้ทุกคนได้ไปดู?????? #พรจากฟ้า	",sad
"เคยย้อนไปอ่านทวิตของตัวเองแล้วรู้สึกเศร้าไหม เศร้าจนรู้สึกสงสารตัวเอง มึงดราม่าอะไรขนาดนั้น มึงควรต้องพบจิตแพทย์ .	",sad
"เศร้างะ	",sad
"ไม่ชอบมองดูใครเศร้า ไม่ชอบจริงๆ	",sad
"ไม่แน่ใจมันจะเศร้าก็ไม่เศร้า มันหน่วงๆ	",sad
"ก็เสียใจนะที่ไม่ได้อยู่ตรงนั้นกับแกแล้ว แต่ถ้าอยู่คงเสียใจมากกว่านี้	",sad
"ถ้ามึงพร้อมจะเสียกูกูก็พร้อมจะเสียใจ	",sad
"แล้วจะเสียใจที่ทักมา คุณโดนเทแล้วรู้ตัวซะด้วย หึหึ	",sad
"@washimario @PSaechai หยดน้ำกาม บนหยาดน้ำตา.......เศร้าจริงๆโลกใบนี้	",sad
"@garishpraew เศร้างะเกรดดด	",sad
"@aguinne เสียใจด้วยค่าา มีเจ้าของแล้ว https://t.co/7VlHzMqfSH	",sad
"เสียใจนะแบบเสียใจมากเลย	",sad
"แต่ปฏิเสธงี้เพื่อนกูเสียใจนะ คนขอด้วยสัสเก็บเศษหน้าแทบไม่ทัน ._.	",sad
"ขอบ่นหน่อย เสียใจ	",sad
"ต่างคนต่างสนใจแต่เรื่องของตัวเอง ตัดสินใจเอาเอง มันยากตรงไหน ไม่เห็นต้องมาพูดเลยว่าไปสิ ไม่ไปเดะผู้เสียใจ คือเรื่องของใครก็เรื่องของมันไง	",sad
"@rapkooks เจอแบบนี้เสียใจเรยนะ เอาคำว่าคีสถึงคืนมาค่ะ	",sad
"@bampyst พี่ผักเสียใจเรื่องนี้มีเหี้ยหลายตัว55555555555555	",sad
"ชั้ลไม่ต้องการใครอีก ดวงดาวทั้งฟ้าต้องเสียใจและไม่มีสิ่งไหนสวยงามตาอไป๊๊๊ https://t.co/K9ESoM8VTO	",sad
"ไม่ได้เศร้าขนาดนั้นมั้ยอะ -.- ดราม่านิดหน่อย เจอเพลงเศร้าเข้าไปอีก ผมนี่น้ำตาคลอ	",sad
"มันกลายเป็นว่าเราเศร้าเรื่องที่เขาทำให้คุณเศร้า	",sad
"เมื่อความเศร้ามาเยือนอีกครั้ง ยินดีต้อนรับด้วยความเงียบงัน	",sad
"@mew_kamova กูจะหายเศร้าถ้าให้กูยืม2000	",sad
"เสียใจแต่ทำอะไรไม่ได้	",sad
"เจ็บที่ยังรู้สึก เจ็บที่ยังเสียใจ	",sad
"กูจะซึมเศร้าเรื่องคะแนนสักพัก..	",sad
"เศร้า เด็กหญิง 6 ขวบเล่นปืนพ่อ ลั่นถูกพี่สาววัย 7 ขวบดับสลด
https://t.co/tmLkhlBivq	",sad
"@luchalotte เศร้าเหรอเศร้าไรว่ะตั้งใจอ่านสือไปลู่ ????	",sad
"@callxyeonjung เศร้าใจเสียใจน้อยใจ เห้อมมม..	",sad
"อีข้าวนี่จะรีอะไรเศร้าขนาดนี้! กูจะร้องไห้ละเนี่ย	",sad
"@agentppupae คนไม่เสียใจไม่ใช่ไม่เจ็บ อะฮิอะฮิ	",sad
"@got7_market ขอสถานที่ใหญ่กว่านี้ได้มั้ยคะ คราวที่แล้วไปไม่ทันเสียใจ	",sad
"เราแจกแล้วไม่มีใครแจกเราบ้างเหรอ เสียใจ ?? #HolupItsBobbyDay https://t.co/J5ymfA5Mpp	",sad
"อื้งๆ565555555555555555555ใจๆ เสียใจก็เก็บไว้ในใต เวลาพุดก้ต้องดูเพิ่ลด้วยว่าเท่าไรน้อหน้าอย่างมันงี้ดูโง่ๆ	",sad
"@nuttanunya เศร้านะเพื่อนนะ	",sad
"อ๋อยยย ซันวู (กวางซู) ได้เจอพ่อแล้ว แต่เจอตอนตายไปแล้วความจริงเผยแล้ว นางเอกน้องชายกวางซู ฮรือออ จาล้องห้ายยยยยยยยยย #Hwarang เศร้าเกินไปปปป	",sad
"@bbhyx_ ไม่เป็นไรงับ ช่วงนี้ดูพี่เหนือเศร้าๆน้า	",sad
"เออ รงคิดถูกแล้วล่ะที่ออกจากวง ถึงตอนนั้นน้องจะเสียใจมาก ร้องไห้ฟูมฟาย แต่พอตอนนี้ก็เข้าใจละ ดีใจด้วยนะคะ ??	",sad
"@hronkaix  ช้านเสียใจจจจจจ แค่ฉันไม่มีเงินเองง	",sad
"ปากดีไม่มีกูจริงๆแล้วจะเสียใจ	",sad
"กูเสียใจมากอ่ะทำไมว่ะ	",sad
"@Suga_everywhere โอ้ยฮือออ เสียใจแรงงง~ น่าจะเอาไว้แจกลูกค้า 555555	",sad
"@NoharPaiare เลาเสียใจฝุดๆ	",sad
"เเต่บางที ย้อนมองกลับไปเมื่อก่อน ความเสียใจที่มีครั้งนั้น เป็นเหมือนลมที่มันพัดผ่าน ผ่านพ้นไป ก็ลืมไปเอง	",sad
"@tycraftx เป็นผู้รักษาประตูกันไม่ได้นะเนี่ย ไม่รับกันเลย เสียใจแระ	",sad
"จะเลิกเต๊าะแล้วครับไม่อยากให้ใครเสียใจอีก เข็ดแล้ว	",sad
"@CrushTH ??????????
เสียใจด้วยนะคะ แต่ไม่เป็นไรนะคะ ไม่ว่าจะอัพที่ไหนหรือยังไงก็จะตามไปดูให้ถึงที่เลยค่ะ เป็นกำลังใจให้นะคะ ;___;	",sad
"เป็นคนที่เสียใจกับสิ่งที่ไม่ได้ทำ. มากกว่าสิ่งที่ได้ทำจริงๆแหละ เฮ้อ	",sad
"@Jasmilezo แต่ทริปแท๊ปก้อเศร้าในไอจีไง เราก็เลย งง 5555????	",sad
"ถึงเวลาคงเศร้าแบบงงๆ แบบอ่อถึงเวลาแล้วหรอวะ จบแล้วสินะ ไม่เจอกันละนะ งี้หรอวะ	",sad
"ไม่เสียใจ แต่กุเศร้า	",sad
"ฮืออออเสียใจ	",sad
"กูเสียใจ	",sad
"นี่ก็คิดตลอด ถึงจะเจอแต่คนไม่ดีบ้าง เสียใจมาเยอะบ้าง แต่พอมีคนดีดีเพื่อนดีดีอยู่ด้วย มันก็รู้สึกโชคดีมากๆแล้ว	",sad
"เม้นไม่ทัน เผลอกดรีเฟรช เสียใจ 5555	",sad
"ชีวิตกูเศร้า เพราะกระเป๋าไม่มีตังค์	",sad
"เป็นเรื่องน่าเศร้าจริงๆ	",sad
"@py_x97 ไม่ได้ไปกินกับเพื่อนนานมาก เสียใจ
ต้องไปนะก่อนจบ	",sad
"พวกที่กลัวคนเทเยอะ ไปน้อย งานจะล่ม ศลป.จะเสียใจนี่คิดใหม่ได้ค่ะ
ยอดไม่ตามเป้า อล.ยกเลิกแล้วหาพาร์ทเนอร์ใหม่มาจัดใหม่ได้ #หมั่นโถวโถ่วชีวิต	",sad
"@Noey__ntp กูไม่เจอแม่มึง แม่มึงเลยจำกูไม่ได้ เสียใจ	",sad
"ที่ไม่ยอมมีใครสักทีก็เพราะกลัวเสียใจนี่แหละ กลัวมากเกินไป	",sad
"@NoharPaiare เลาไม่เสียใจแล้วก็ได้ เพราะพายอาร์เลยนะเนี้ย	",sad
"ตอนนี้โคตรซึมเศร้า โคตรเหวี่ยง โคตรวีน ฮือ อีฟีนคุด อีเวร	",sad
"จะมีใครเหมือนเรามั้ย ร้องไห้ตั้งแต่ตอนวีกะนาย พอได้ยินเสียงเพลงพระราชนิพนธ์อยู่ๆก็น้ำตาไหล ทั้งที่ฉากไม่ได้เศร้าเลยอะ #พรจากฟ้า	",sad
"นี่ฟังเฉยๆ ยังร้องไห้อ่ามึง เพลงเหี้ย เศร้ามาก	",sad
"ที่สุดของความเสียใจ คือห่วงใยแต่เค้าไม่ตอบกลับ	",sad
"ชีวิตที่ดีไม่มีทางลัด เราต้องก้าวผ่านความผิดหวัง ผ่านความเสียใจ เพื่อวันที่เราจะเข้มแข็งขึ้น และเดินไปจนถึงปลายทางได้	",sad
"เรื่องมันเศร้า ขอเหล้าเข้มๆ	",sad
ทำไมลมหนาว ถึงเศร้าขนาดนี้วะ ??,sad
"@CatsRSoft ซึมเศร้า เวลาอาการมันมาทีมันหนักมากนะ เรารักษาอยู่ กินยาทุกวัน มาเดือนหนึ่งเเล้ว	",sad
"@LEECASX เพลงนี้แบบดีต่อใจมากๆถึงจะเศร้าๆ แต่เพราะมากจริงๆ ฮืออออ	",sad
"มีใครให้เศร้ากว่านี้มั้ย	",sad
"จากนี้จะพยายามไม่ขอและคาดหวังอะไรจากใคร อยากได้อะไรจะทำด้วยตัวเองจะได้ไม่ผิดหวัง ไม่เสียใจ เพราะใครอีก	",sad
"จะต้องเสียใจอีกกี่ครั้งถึงจะพอ	",sad
"ไม่รู้นะ แต่รู้จักคนที่เป็นโรคซึมเศร้านะ เขาก็ไม่เคยมานั่งโพสท์ว่าเป็นอ่ะ แต่เอาเวลาไปรักษาสภาพจิตใจตัวเองจนดีขึ้นๆ	",sad
"ถ้าเปลี่ยนเพลงก็คงไม่เศร้าขนาดนี้.... 555555555555555555 https://t.co/sEdRI1qgDm	",sad
""" ถึงแม้ภายนอกฉันอาจจะยังไหวน่าเศร้าที่ภายในฉันแหลกสลายไปเสียแล้ว """,sad
"เคยยิ้มให้ความคิดถึงไหมมันเศร้านะ แต่ก็ไม่อยากร้องไห้แล้ว .	",sad
"ร้องไห้ได้ แต่ต้องเลิกร้องได้เหมือนกัน 
เสียใจได้ แต่วันนึงมึงต้องดีขึ้น #จำไว้	",sad
"เสียใจที่สุด	",sad
"ไม่ชอบเค้าหรองื้อเสียใจนะอีสัด	",sad
"การแดกจะเยียวยาทุกอย่าง ไม่ว่าเศร้าเสียใจ มึงแดกเข้าไปมึงก็มีความสุข	",sad
"ทนความสัมพันธ์ห่วยๆ ไม่ได้ ทนความเห็นแก่ตัวของอีกคนไม่ไหว ไม่ต้องทำไรมาก แค่เดินออกมา เททุกอย่างทิ้ง เสียใจตอนนี้ดีกว่าเสียใจเรื้อรัง	",sad
"@Faai_Butterfly  เสียใจเท่าไหร่เสียน้ำตาเท่าไหร่ แค่คิดว่าไม่มีใครขอให้บอก	",sad
"บ๊กจูเศร้า อีพี่จุนก็เศร้าตาม #WeightliftingFairyKimBokJoo https://t.co/4zDlOCg3l3	",sad
"อยู่ในโหมดความโสดแล้วฟังเพลงเศร้า55+	",sad
"@_cxaneol เศร้าอะครับ ขอลมหนาวอยู่ด้วยอีกนิดได้ไหม 55555555555555555	",sad
"เป็นตอนที่โครตเศร้าและเศร้าโครตๆ ดูกี่ทีก็เหมือนเดิม TT #HARRYPOTTER https://t.co/iYHmQPE6Lu	",sad
"""ก็เสียใจนะที่ไม่ได้อยู่ด้วยกันแล้วแต่เราทั้งคู่อาจจะเสียใจมากกว่านี้ถ้ายังอยู่ด้วยกัน""	",sad
"กลับมาบ้านทาร์ตหมด คือ...อยากกินไม่ได้กินเลยอ่ะ กลับมาดึกทุกวันพอจะกินก็โดนว่า พอกินช้าก็อด.....เสียใจ....	",sad
"เอาจริงๆคือรอดูลูก แต่ลูกไม่โผล่ในเอ็มวีเลย เศร้า 5555555555555	",sad
"เศร้าเหี้ยไรตอนนี้ เหลือเวลาอยู่ด้วยกันอีกตั้ง 4 วัน ไปเศร้าเอาวันสุดท้ายนู่นค่ะอย่ารีบกร่อย	",sad
"@plbuaem เสียใจด้วยค่ะคุณเสมอที่คุณบอสไม่เล่นทวิต https://t.co/wNQa8hJnG2	",sad
"ยอมรับว่าโง่จริง วอนอย่าด่าเยอะ 
เพราะประกาศเกรดแล้ว แค่รู้เกรดก็เสียใจมากแล้ว ??	",sad
"@aidphanu เศร้าใจทำไมนะ อย่าร้องไห้อีกเลย มะม่วงจิ้มเกลืออร่อยมากนะยูว์ รักมึงอีควาย??	",sad
"@Shawol_Mint โห สงสารเราดิ อยากช่วยเพื่อนแต่ไม่มีประโยชน์มันน่าเศร้าจะตาย เหมือนโดนท่านพี่ด่า you are nothing ข้าโศกายิ่งนัก	",sad
"แวะไปบ้านเจอเรื่องสลด หมาบักดำตายแล้ว — รู้สึกเศร้าใจ	",sad
"แต่เสียใจมากๆเลยนะ
เวลาทะเลาะกันแล้วถูกเรียกว่ามึงอะ	",sad
"ไม่เสียใจ กับการตัดสินใจเมื่อคืน ถึงแม้ว่าผลที่ตามมา มันจะไม่ใช่อย่างที่เราคิด ก็ไม่เป็นไร แต่ตอนนั้นเรามีความสุข ก็พอแล้ว	",sad
"บ้าปะอีเหี้ยคนเสียใจก็ต้องร้องไห้มั้ยอะ จะให้ถางหญ้าแทนร้องไห้หรา	",sad
"บอกเสียใจเพื่ออะไร ในเมื่อเธอก็ทำร้ายหัวใจฉัน	",sad
"กูก็คน กูก็เสียใจเป็นนะ เฮ้ย!	",sad
"เป็นคนขี้น้อยใจนะ คำพูดอะไรเล็กๆน้อยๆถ้าเป็นจากปากคนในครอบครัว เพื่อน หรือแฟน มันก็เสียใจหมดแหละ	",sad
"@SEANXM__ เสียใจครับ มาปลอบหัวใจดวงน้อยๆของพี่เลยนะ	",sad
"อย่าแสดงความเสียใจให้กับคนที่ไม่เห็นค่าเรา #จำไว้	",sad
"บอกว่าไปเเล้ว ต้องการให้มึงบอกว่า อยู่ก่อน ไม่ใช่ ไปโล้ด เเล้วมึงจะไม่เสียใจจริงๆใช่มั้ย	",sad
"จะทำให้เครื่องบินเกิดอุบัติเหตุ !? สาวไทยสุดเศร้า สุนัขแสนรักถูก จนท.เกาหลีใต้ยิงตาย  #คมชัดลึก  ...… https://t.co/MSEHmYIdQb	",sad
"ไม่นานมานี่เพิ่งอ่าน quote อันนึงว่า ""เรื่องน่าเศร้าในโลกของผู้หญิง คือพวกเธอมัวแต่เกลียดกันเอง"" https://t.co/77WWocGJC3	",sad
"@ppc_tangkwa กูทั้งเหงาทั้งเศร้าทั้งบ้าโอ้ยศรีธันยายังไม่รับกูเลย555555	",sad
"วันที่กูเศร้ามีแค่ตัวกูเนอะที่ยุคิดจะหายยยมึงหายไปเลยค่ะเลิกติดตามกูบล๊อคกุไปเลย??กูไม่แคร์วะ https://t.co/I4mFtfdvnQ	",sad
"บ้านบ๊กจูกินข้าวกันอาก็เริ่มคุยสร้างบรรยากาศเพราะพ่อกับบ๊กจูดูเศร้าส้อยเหลื๊อเกิน เละก็เลิกกินข้าวกันไป  #WeightliftingFairyKimBokJoo	",sad
"จะไม่เสียใจเลย ถ้าวันนึงเธอจะปล่อยมือเราไป แล้วไปจับมือกับใครอีกคน
ถ้าคน คนนั้นเขาไม่คิดจะปล่อยมือเธอ	",sad
"เศร้า แบบเดิมๆ ปัญหาที่ไม่อยากบอก ความรู้สึกที่กลัวว่าบอกไปแล้วมันจะพัง	",sad
"นิเธอ ๆ ไหนลองแกล้งโทรหาเราหน่อยสิ เราสงสัยเหลือเกินว่าโดนตัดสัญญาณไปแล้วหรอ ทำไมมันไม่มีคนโทรหาเลย เศร้าจัง !  ????	",sad
อย่าคิดถึงเขาในวันไม่เขาไม่คิดถึงเราแล้ว.,sad
"เลิกเศร้าๆๆ เขามีความสุข แต่เรามาเศร้าอยู่คนเดียว ออกไปทำตัวให้ครื้นเครงกัน ????	",sad
"ตกลงน้องที่ช่วยหมานี่ได้ทุนจริงปะ ถ้าเอาข่าวมั่วๆจากเว็บคลิกเบทไปออกทีวีนี่น่าเศร้านะ 555555	",sad
"ปีนี้ค่อนข้างล้มเหลวกับเรื่องความสัมพันธ์ซึ่งพูดตรงๆ เราค่อนข้างเสียใจที่มันพัง	",sad
"@bbbbb93_ ตอนนี้ยิ่งกว่าาา เค้าปิดไม่ให้ข้ามแล้ว ตรงมุมเกษตร บังคับเดินไปขึ้นสะพานลอยตรงอุโมง เสียใจ	",sad
"เสียใจที่ไม่มีสิทธิ์ยื่นคณะที่อยากเรียน แค่เพราะคณิตไม่ผ่าน จะให้ลุ้นไรวะ	",sad
"ก็เสียใจนะ ที่เดินมาด้วยกัน แต่เหมือนถูกทิ้งไว้กลางทาง แล้วเขาเดินไปหาคนอื่น แต่ก็ทำไรไม่ได้อะ เขาเดินไปแล้ว	",sad
"ไม่บอกหรอกกลัวทายถูกเเล้วมานิโต้เเกเสียใจ55 — 55555555555 ขรรมส์ไม่ไหวล้าวววว อยากให้ถึงวันที่จะให้เร็วๆจังงง อยาก… https://t.co/LTzACifsys	",sad
"เสียใจก้เสียใจนะแต่คนนี้กูจะปล่อยให้ไปไม่ได้แล้ว	",sad
"หนูสมัครรับตรงของมก.ไม่ได้เพราะแกทอิ้งคะแนนไม่ถึง เสียใ… — เอาความเสียใจที่เกิดขึ้นเป็นแรงผลักดันให้เราพยายามต่อไป… https://t.co/BUXdqT6zj8	",sad
"สนุกมั้ยที่มาเล่นกับความรู้สึก #คงตัวคนเดียวสิเรา — รู้สึกเสียใจ	",sad
"อืม เมื่อไหร่กูจะเลิกเสียใจให้มึงสักที	",sad
"ขอกลับมารักอปป้าเหมือนเดิมละกัน จะได้ไม่ต้องเสียใจอีก?? https://t.co/z9r6H5zmHM	",sad
"@CrushTH  เสียใจด้วยค่ะ เสียดายจัง สู้ๆนะคะ	",sad
"ฉันไม่ต้องการใครอีกดวงดาวทั้งฟ้าต้องเสียใจและ ไม่มีสิ่งไหนสวยงามต่อไปตราบที่โลกนี้มีคนอย่างเธอ ?? https://t.co/1qGOGq3PWw	",sad
"161221 #NFlying instagram update คือว่า ผมชอบอิเล็คทริกกีตาร์มากกว่าอะคูสติกครับ ฮ่าๆ ถ้าลงแต่อะคูสติกจะรู้สึกเสียใ… https://t.co/zqT6Q7FvFE	",sad
"ทุกวันนี้เสียใจยังไงก็อดทนเอาโตแล้วแสดงออกเยอะก็ไม่ได้	",sad
"แค่รู้จักมึงก็เป็นเรื่องน่าเศร้าของชีวิตกูมากพอแล้ว	",sad
"ชีวิตแม่งเศร้า เหล้าก็ไม่มีจะกิน #คำคมในวงเหล้า #แคปชั่นเด็ด	",sad
"พูดถึงเกรดแล้วเศร้าทุกที ฮืออออออออออออออ มึงอย่าออกมาทำลายความสุขกูได้ม้ายยยยยยยยย ฮือออออออออออออออออ	",sad
"โดนโกรธหนักแน่ๆ ออฟนานไปขนาดนี้ 555555555555555555555555544	",anger
"นี่ควรรู้สึกไงอะ ให้เพื่อนยืมเงินไป แต่เพื่อนที่ยืมดันมาโกรธเพราะนี่ทวง เอ้า นั่นเงินกุป่ะเนี่ยงง	",anger
"บางทีก็นึกโกรธในใจนิดนึง ที่สถานที่ราชการเลิกงานไว จนเอกชนอย่างเราทำอะไรไม่ค่อยทัน	",anger
"ผู้หญิงสามารถโกรธย้อนหลังได้แบบจริงจัง
ถึงมันจะเป็นแค่puppylove ช่วงประถม	",anger
"โอ้ยยยยยยยย ตายห่าแหล่ววววววววววววง อกอีแป้นจะแตกกกกกก อีห่าาาาาาาาา สมควรที่จะโดนผัวโกรธและกูคิดว่านี่คือสาเหตุที่นางบลัฟเว่ยใส่กัน 5555555	",anger
"ถ้าเอาให้สะใจคือต้องตบให้เลือดสาด แล้วเอาเลือดมันมาล้างหน้าสังเวย นี่หมายถึงยุงค่ะ โกรธมาก	",anger
"@iconnnz ทะเลาะที ก่ด่าผัวให้ฟัง พอเราเสริมทัพ อิดก โกรธเราที่ว่าให้ผัวมันอีก งงในงง ฮือออออ	",anger
"แค่โกรธเฉยๆไม่ได้แปลว่าโกรธแล้วเราจะไม่รักกันนิ	",anger
"@LOUIS94JX_ จารต่อ นี่เค้าโกรธกูที่ไม่ข้ามสะพานลอยหรอ55555	",anger
"นี่เคยทะเลาะกับเพื่อนเพราะมันใช้ให้ทำอะไรเล็กๆอย่างนึงให้แล้วนี่ตอบไปว่าทำเองสิ  แม่งโกรธเลย...ขอโทษแล้วง้อแล้ว นี่… https://t.co/dbsshUv5FY	",anger
"มันไม่ได้เเย่ขนาดนั้นหรอก อย่าไปแซวมันมาก ระวังมันโกรธนะ ????	",anger
"สะดุ้งตื่น เพราะฝันว่าตื่นสายไปไม่ทันซ้อมวันแรก ในฝันโวยวายใสพ่อแม่และน้องว่าทำไมไม่ปลุก ห่า ตื่นมา เอ้า กูฝัน ในฝันนี่กูโกรธเอาจริงจังมาก	",anger
"เป็นครูควรจะได้เรียนจิตวิทยามาแล้วป้ะวะ จะระเบิดอารมณ์โกรธกับใครก็ได้หรอ ไม่ดิ ดร.ป๊อปสอนมา 555+	",anger
"@fernnnfernnfern คืออยู่ๆเค้าไม่คุยเองล่ะโกรธ คืองง ตอนนี้ยังงงเลย โกรธไรว่ะ5555555	",anger
"ถ้านี่เป็นแฟนเวียดนามจะโกรธมาก เมมเบอร์ไม่สามารถมาร่วมงานได้ แต่ไม่มีประกาศออฟฟิเชียล ต้องรู้จากเว็บข่าวบ้านตัวเอง	",anger
"@fernnnfernnfern เพื่อนคนหนึ่งโกรธเราแล้วเพื่อนทุกคนในกลุ่มก้ไม่คุยกับเราเลยงงมากจนตอนนี้ก้ไม่ได้คุยกันมาเป็นเดือนล่ะ	",anger
"@fernnnfernnfern โอน้อยออกแพ้จนต้องเป็นหัวหน้าหมู่เนตรนารี ร้องไห้โกรธเพื่อนเอามาตั้งสเตตัสmsn เป็นหัวหน้าหมู่มันดูเนิร์ดไม่อยากเป็น	",anger
"อย่าทำลายความสัมพันธ์ ด้วยอารมณ์โกรธเพียงชั่วครู่	",anger
"@fernnnfernnfern คิดถึงเพื่อนตอนดึกๆ โทรไป 76 มิสคอล มันเอาไปบอกคนอื่นว่าทำตัวเหมือนเมีย ตอนนั้นโกรธมาก เลยพยายามเลิกคบกับมันไปเลย..	",anger
"นิทานเรื่องนี้สอนให้รู้ว่า เมื่อมีความหวัง แล้วถูกพังลงจากคนที่ให้ความหวังเรา ความโกรธ ความเศร้า ความผิดหวัง มันก็ครอบงำ  มันก็เป็นแบบนี้แล	",anger
"@fernnnfernnfern ตอนประถมเคยโกรธเพื่อนจนร้องไห้เพราะเล่นลิงชิงบอลกันแล้วเพื่อนให้เราเป็นลิงโดยไม่ยอมโอน้อยออก	",anger
"ไม่ลืมนะ! แต่ว่าเค้าทำไม่ทันจริงๆนะ )-; คุณกาวไม่โกรธเค้านะ ยังไงก็ตามขอให้คุณกาวมีความสุขสมหวังในทุกอย่างนะ รัก! ??… https://t.co/AKAAdm4tEq	",anger
"นี่ถ้าอิฝ้ายได้แต่งงานชีวิตมีความสุขกับแฟนใหม่นะช้านจะโกรธคนเขียนบทมากเลย #เสือชะนีเก้ง	",anger
"เคยโกรธครู ที่บอกให้ร้องเพลงชาติดังๆ 
เคยโกรธครู ที่บอกให้ยืนนิ่งๆตอนเคารพธงชาติ
ตอนนี้เข้าใจทั้งหมดแล้ว ????????????
#LongLiveTheKing	",anger
"แก่โกรธว่าพ่อแกมีเมียน้อย เดินมาด่าตาฉัน ตาฉันเป็นพี่ของคนมีเมียน้อย ฉันเตือนว่าอย่าด่านะ แกไม่ฟัง พอไม่ถึงเดือน รถคว่ำตายย นี่เรื่องจริง	",anger
"@Famous_799 เฮ้ยยไม่เปนไรๆเราไม่ได้โกรธอะไรเลย	",anger
"สายตาแทฮยองคือ Kill มาก ชอบมาก เป็นคนที่เราอยากเห็นสายตาเกรี้ยวกราดบ่อยๆอะ ฮือ โกรธชั้น ลงทัณฑ์ชั้น เกรี้ยวกราดใส่… https://t.co/qQfSIy8Nwq	",anger
"@fernnnfernnfern เคยทะเลาะกับเพื่อนตอนม.3  เพราะเพื่อนซ่อนที่ชาร์จแบตโทรศัพท์ โกรธมาก งอนมาก ไม่คุยกัน6เดือน 17วัน ปญอ มากตอนนั้น55555555	",anger
"@fernnnfernnfern เคยทะเลาะกับผเพราะนางซื้อหมูปิ้งมาให้ นี่ทำงานยังไม่เสร็จเลยเหวี่ยงๆหน่อยว่าใช่เวลากินป้ะ นางโกรธ เกือบเลิก อีเหี้ย หมูปิ้ง	",anger
"@pepijinjin เป็นเหมือนกันเลยค่ะ พอทวงก็โกรธเรา	",anger
"โกรธมากไม่อยากรักคุณแล้วแต่ทำไม่ได้	",anger
"อยากดูนิสัยที่แท้จริงของใคร ให้สังเกตได้ 3 เวลา - หิว โกรธ และ ในตอนที่เสียผลประโยชน์ ...	",anger
"โกรธนะ แต่ด่าไม่ลง เกลียดไม่ลง เหมือนจมอยู่ในความทรงจำตัวเอง มองแชทเก่าๆ	",anger
"โกรธไรกันยังไม่รู้เลย555555555555	",anger
"บางทีแม่งโกรธเพื่อนแบบจะเป็นจะตาย แต่หายโกรธแบบทุเรศๆ ล่าสุดโกรธเพื่อนมา2อาทิตย์ จู่ๆนางชวนกินเนื้อย่างละนี่เห็นแก่กินก็ตกลงไปแบบไม่คิดไร	",anger
"โกรธมันอ่ะมันหลอกกู5555555555555555555 https://t.co/VTr7vfsPmD	",anger
"กูไม่เคยโกรธมึงเรยเว้ยยแต่กูโกรธตัวเองมากกว่า	",anger
"เคยวางชีทบนโต๊ะที่โรงอาหาร นี่รอเพื่อนวางก่อนแล้ววางของตัวเองทับไว้ข้างบน มันโกรธหาว่าเราไม่อยากให้ชีทตัวเองเปื้อน… https://t.co/BXDoAlm3M9	",anger
"โกรธจนตัวสั่นน้ำตาไหลเลยอะ ทั้งที่พยายามเลิกเป็นคนขี้วีนแล้ว แต่ก็ยังมีคนทำให้โมโหไม่หยุด	",anger
"ไม่เคยโดนด่าแล้วหน้าร้อนขนาดนี้มาก่อน ทั้งจะร้องไห้ทั้งโกรธทั้งโมโห ปนกันไปหมด สัส	",anger
"โกรธเค้าเสมอ เกลียดเธอที่ทิ้ง .. แค้นทุกสิ่งที่เป็นวันนี้	",anger
"ลัคนัยปลอมตัวเป็นจารบุรุษไปเจอพิมลภัสในวัง แมงเม่าโกรธที่รเมศจะมาแย่งสมบัติ เลยไปปรึกษาเหมือนชนกแต่เธอถูกออกพระศรีลงโทษอยู่ที่ รร ?? #สับสน	",anger
"คือตอนนี้ในหัวมีแต่แทฮยองในฟิคไซโคพาส มองอะไรก็แบบอินฟิคไปหมดอ่ะ อย่างเช่น รูปนี้ตอนแทฮยองโกรธ ตอนแทฮยองใส่ฮู้ด T -… https://t.co/46kmDGypFB	",anger
"ด่ากูไง นี่ก็โกรธขับรถกลับบ้าน กลับมาอีกทีคือรู้ตัวว่านี่โกรธเลยไม่พูดมาก ไม่เรื่องมาก เออก็ดี	",anger
"@CHIT096X ใช่ไหมล่ะน้องสิบ พี่ก็เป็นแบบนี้ ไม่ค่อยโกรธใครได้นาน หน้าตาดีแล้วยังจิตใจดีอีก เฮ้อ	",anger
"มีคนบอกว่า การยิ้มในวันที่เศร้านั้นยากแล้ว การต้องระงับความโกรธ ทั้งที่ไม่ได้อยากโกรธนั้นยากกว่า	",anger
"คงมีแต่ความสัมพันธ์แบบเพื่อนสนิทเท่านั้นล่ะ ที่ไม่ว่าเราจะดองแชทมันนานเป็นชาติขนาดไหนมันก็ไม่โกรธกลับมาคุยกันก็ปกติแค่ให้รู้ว่ายังไม่ตายก็พอ	",anger
"ดูอารยาจนถึงตอนที่พี่แกพูดประโยคนี้ ""จริงๆไม่ควรโกรธเพื่อนเว้ย ที่เพื่อนเตือนอ่ะ"" ชะงัก กูนี่ชะงักกึกเลย 5555555555555555 #เอกเบส	",anger
"ล่าสุดชอบอันนี้ ชอบที่ความเศร้าเป็นการเทน้ำท่วมๆ ชอบที่ความโกรธเป็นวงๆยุ่งเหยิงสีแดง ชอบที่ความสุขเป็นดาววิ้งๆ https://t.co/NmF4dQsWxW	",anger
"@iampleng ตรงนั้นเข้าใจค่ะ แต่ก็ไม่น่าไปด่าเค้าสาดเสียเทเสีย ผญเราไม่ได้อยู่ๆโกรธแล้วจะลุกขึ้นมาฆ่าคนได้เลย เห็นคนด่ากันแรงมากเลย ;-;	",anger
"เพื่อนปวดขี้ให้เราพาไป เพื่อนอีกคนถามไปไหน เราบอกว่าพามันไปขี้ / นางโกรธ นางอาย ที่ทุกคนรู้ว่านางปวดขี้ https://t.co/AQrCWYKhWw	",anger
"บางคนบอกว่าเรื่องแค่นี้เองที่มึงทะเลาะกัน จริงๆคนเราก็ชอบโกรธกันเพราะเรื่องแค่นี้ เรื่องแค่นี้ทีไรทะเลาะกันตลอดดดดด	",anger
"""ถอยไปนะ ไม่งั้นเลาจะโกรธแล้วนะ!"" 
""จะ..ใจเย็นคับพี่ลู่.....ชิบหายรู้ตัวแล้วหรอวะว่าโดรเราแต๊ะอั๋ง"" https://t.co/rjJlxbeybS	",anger
"@taioddntw กูเคยอยู่ในคลินิคหมอฟันละคนเยอะสัสๆ ละไม่ได้ปิดเสียงโคตรผีอิดอก กูโคตรโกรธ	",anger
"กูโกรธแทนเลยสัส #ฟลุ๊คกะล่อน https://t.co/gtFlMnF6RY	",anger
"อีกอันคือนี่ไม่ชอบในเพื่อนพิมพ์ว่า'เออ'เวลาตอบแชท มันดูห้วนๆ ละเพื่อนสนิทมันพิมพ์มา รุ่งเช้านางก็ง้อ นี่ก็เล่นตัว สรุปโกรธกันเทอมนึง	",anger
"มึงจะรู้มั้ยว่ากูโกรธ	",anger
"ตอนลงรูปนี้ในไอจี ไม่เคยบอกว่าลู่หานโกรธเรื่องอะไร คอมเม้นนี้มีความฟินและรู้ใจตามพี่5555 https://t.co/69Gk0TEU0M	",anger
"โกรธจริงๆนะ #รก	",anger
"พอโกรธมากๆแล้วเสียงชอบสั่น น้ำตามันจะรื้นขึ้นมาทันที ไม่อยากเป็นแบบนี้นะ #รก	",anger
"@Bannoza อิสัสส โกรธมากๆ	",anger
"เจ้าของเขาโกรธมาก https://t.co/c6pdkSu5ao	",anger
"ตอนประถมเห็นกระเป๋าเป้ของเพื่อนด้ายมันลุ่ยออกมาเลยหยิบกรรไกรมาตัดให้ สรุปเพื่อนโกรธมากเพราะไปตัดด้ายที่แม่มันเย็บไว้ https://t.co/wCiM90Ahxc	",anger
"จะโกรธแม่แล้ว ทำไมต้องยืมเงิน อยากได้อะไรก็ไม่ได้เนี่ย จะเก็บเงินอีกก็เก็บไม่ได้ หงุดหงิด	",anger
"นั่นไง บอกโกรธเจอรี่ได้แปปเดียวก็ไปอวยใส่พี่ซะงั้น ฮือ??????????	",anger
"เกอไม่ได้โพสคลิปบ่อยเลยขอโทษละบอกว่าอย่าโกรธนะ ...ยิ้มหวานตบท้ายแบบนี้ใครจะโกรธลงเล่าาา https://t.co/zwTQjEnkfk	",anger
"@seraphim8698 ใจนึงเราก็เสียดายแทนจองแจ แต่อีกใจก็อยากตีพิจอนเหลือเกิน จิตใจ ข่นบล้า ข่นฉวยโอกาส น้องยังไม่หายโกรธ สอบด้วย ฮรึก ;-;	",anger
"ตอนนั้นต้องแจกใบประชุมผู้ปกครองหน้าห้องแล้วอ่านชื่อเพื่อนไม่ออก ครูเขียนไม่ชัดเลยเรียกชื่อแม่มันแทน โกรธกันหลายปี https://t.co/IPRhegdy1a	",anger
"@foxgjiyeonx ใช่ครับผมจะโกรธมากๆ เลยนะถ้าพี่บอสไปกอดไปรักใครที่ไม่ใช่ผม?? ไม่ยิงหรอกครับเห็นผมเป็นคนยังไงเนี่ย5555555555??	",anger
"เจ็บแค้นเคืองโกรธโทษชั้นไย กิทำอะไรให้โฮปเคืองขุ่นนนนนน
โครตเป็นคู่ฮาร์ดคอ 555555555555555555555
#hopega https://t.co/97cGH5foJg	",anger
"กลับมาอ่านประโยคนี้แล้วโกรธมาก อยากจะข่วนหน้าคจวที่สุด #คิมข้างห้อง https://t.co/OBxsJrOAUQ	",anger
"โหลดกระเป๋า กระเป๋าแตกยังโกรธ นี่ทำหมาเราหลุดไปทั้งตัวไม่น่าโกรธกว่าเหรอ การรับมือปัญหาโหดร้ายแต่เข้าใจได้ แต่ไอ้ระบบสายการบินนี่ยังไง	",anger
"คราวหลังคงไม่ให้ยืมแล้วอ่ะ จะโกรธก็โกรธ ถ้าคืนตรงเวลานี่จะไม่อะไรเลย	",anger
"กูโกรธ	",anger
"ใครทักฉันตอนฉันกำลังเล่นคุ้กกี้รันนี่โคตรโกรธอะ ส่วนใครโทรมาตอนฉันเล่นเกมเศรษฐีนี่ก็โกรธเช่นกัน	",anger
"การให้อภัย ไม่ใช่เป็นการให้โอกาสผู้อื่นแต่เป็นการให้โอกาสตัวเราเอง เพื่อที่จะได้ไม่ต้องทุกข์ใจ เพราะถูกไฟแห่งความโกรธเผา #หลวงพ่อจรัญ #ธรรมะ	",anger
"ต้องโกรธแค้นกันมากมายขนาดไหนหรือสมบัติบังตา ถึงกับสั่งฆ่าคนที่ตัวเองเคยรักได้นี่ไม่ธรรมดา #เธอเลือดเย็นมาก #หมอนิ่ม	",anger
"@barbietuan หนูโกรธ ตีห้าคือกำลังจะนอนแล้ว ง่วง ควรได้นอน แต่ต้องมาตอบคำถามคนที่มาออกตัวแทนนางซะงั้น55555555555555555	",anger
"โกรธก็โกรธ หงุดหงิดก็หงุดหงิดอีเหี้ย	",anger
"ผมโกรธมากถ้าใครทอดหมูกรอบไม่กรอบ	",anger
"@orapimy เพิ่งจะมาบาน!! โกรธ!!! ล้องห้ายยย???? https://t.co/D2KcaLHn2B	",anger
"กูโกรธ 555555555 โกรธจริงๆนะเว้ย 55555555555	",anger
"โดนแย่งดินสอกดจากมือ แบบนางพูดเร็วๆว่ายืมแป้บงี้ ละฉึ่บบคว้าเลย โกรธงอนแรง55555 บ้าเนะ https://t.co/SJeASeKMSv	",anger
"แก่แค่ไหนก็เบื่อกูก่อนหมดเลย โกรธ	",anger
"โตจนอายุ20ละ อะไรพองอลหรือโกรธก็แยกแยะกันมั้ง	",anger
"พี่ให่ญกะแทกเด็กตัวเล็กบางๆแบบไม่ยั้งไม่รู้ว่าหีจะพัง หรือ ป่าว ไม่รู้ว่าเงียนมาจากไหนโกรธใครป่าว เลยมาลงที่หีผม https://t.co/Y2RUQ6iTPD	",anger
"จึงโกรธแม่ และน้อยใจ เคืองใจอย่างที่สุด	",anger
"แต่กูจะนอยด์ จะงอน จะโกรธ จะทำไม5555555	",anger
"ได้ปกชานแล้ว กำลังจะแลกการ์ดด้งกะชาน ฮี่ๆๆ ด้งอย่าโกรธเรานะ ???? https://t.co/vVEuiz7nuA	",anger
"เราโกรธ เพราะเขาพูดแย่ และจบ	",anger
"โกรธจนสั่นอะ คิดดูว่าโกรธมากมั้ย5555555	",anger
"ผนังทีวีได้แล้วนะจ๊ะ  แลกด้วยหลายอย่างทางความโกรธ  แต่เสร็จ	",anger
"เคยโกรธเพราะเพื่อนไปถ่ายชีทของอาจารย์กันแล้วไม่ชวนเรา ตอนนั้นแอบฟุบโต๊ะแล้วร้องไห้ว่า เออ ใช่สิ กูมันตัวคนเดียว .. https://t.co/kR4Qd51rAE	",anger
"สงสารเอย์จุนจริงๆ นะ ไม่ไหวแล้วอ่ะ ฮืออ เทระเซนเซย์คะ ถ้าจะอวยฟุรุยะขนาดนี้เปลี่ยนพระเอกเลยมั้ย คือโกรธแทนจนเหนื่อยแล้ว	",anger
"โกรธตารางสอบเทอมนี้ตั้งแต่จัดเลขยากกับฟิสิกส์ไว้ด้วยกันแล้ว ยังต้องมาพาลกับการอ่านหนังสือ6วิชาในวันเดียวอีก	",anger
"ไม่เคยโกรธเพื่อนเรื่องเพื่อนลืมวันเกิดเลย เพราะไม่เคยจำวันเกิดใครได้เหมือนกัน วันนี้วันที่เท่าไหร่กูยังไม่รู้เลย - * -	",anger
"เคยทะเลาะกันเพราะแย่งกันเป็นเซเลอร์มูนสีชมพูตอนม.5 ตอนนั้นโกรธกันมากไม่คุยกันเป็นอาทิตย์ https://t.co/iGEaN1qweo	",anger
"เบื่อตัวเองที่ให้อภัยคนง่ายเกิน บางทีโกรธมาก งอนมาก แต่พออีกฝ่ายบอกขอโทษคำเดียวคือใจอ่อนเลย กลายเป็นฝ่ายรู้สึกผิดที่ไปโกรธเค้า ไปอีก	",anger
"ถ้ามีเค้าแล้วเหงาเท่ากับโสด ให้เลือกโสด อย่างน้อยก็ไม่ต้องโกรธตัวเองที่เฝ้าคาดหวังจากคนที่หวังไม่ได้.
#clubfriday	",anger
"บอกเลย รำคาญเรนะ มีความเป็นผุ้หญิงแบบผู้หญิงมากๆ เค้าไม่บอกความจริงก็โกรธ อยู่ๆก็เมินคุมิโกะ หลบหน้าซะงั้น = =	",anger
"@ariesmu_bot ....ท่าทางแบบนั้นโกรธอยู่ชัดๆ	",anger
"@heywoozix บอกผิดทางนี่โกรธนะ 5555555555555555555	",anger
"ไม่โกรธเลยที่เธอมีคนใหม่ แต่ถ้าเผาบ้านเธอได้..ก็จะทำ???? 

#แคปชั่นเด็ด #แคปชั่นจังไร #คําคมในวงเหล้า
#คําคมนักเลง #คําคมโดนๆ #เกลียด #แฟนเก่า	",anger
"โกรธเอง เดี๋ยวหายเองได้ :)	",anger
"ทุกวันนี้มองหน้ายูตะ ก็ยังคงโกรธ sm ไม่หายเลยค่ะซิส ????????????	",anger
"ขอหยาบหน่อยนะ อีนักข่าวเวนนนนนนนนนนนนนนนนนนนนนนนนนนนนนนนนนนน โกรธจนอยากเขวี้ยงของใส่ ลูกเขาร้องไห้มึงยังห่วงจะเอาข่าวกัน ผีจริงๆ โคตรอีเวน	",anger
"อย่างอนผมเลยที่เวลาามเรื่องส่วนตัวแล้วผมไม่ตอบ เกิดวันนึงเราโกรธกันแล้วคุณหมั่นไส้ผมละเอาข้อมูลส่วนตัวผมมาแหกผมคงรำคาญแย่ ผมคือบอทชานยอลครับ	",anger
"พาออกมาข้างนอกยังไม่โกรธเท่ามาแล้วนั่งเฉยๆแบบไร้ประโยชน์ พอจะหยิบคอมมาทำงานก็ด่าอีก โอ๊ยแม่ไม่เข้าใจกุเล๊ยเชี่ยเอ๊ย หัวร้อนมากตอนนี้	",anger
"พูดความจริงทำรับไม่ได้ เตือนด้วยความหวังดีก็โดนโกรธใส่  เออดี อย่ามาโวยวายทีหลังละกัน	",anger
"@Sonya_Ag_Migi เข้าใจค่ะว่าระดับความโกรธมันต่างกัน แต่ถึงกับต้องวางแผนฆ่ายังไงก็เลวอยู่ดีอ่ะค่ะ	",anger
"เสีย เกลียด เจ็บ โกรธ แต่กูก็ยังรักมึง กูเกลียดตัวเอง https://t.co/FOUUtEFQTc	",anger
"โกรธแค้นอะไรขนาดนั้นอะ นี่งงมาก เราผิดหรอเราว่าเราอยู่เฉยๆ ยังไม่ได้ทำอะไรเลยนะ	",anger
"คนงานเปิดเพลงแข่งกู โกรธธธ	",anger
"สวดมนต์แผ่เมตตาให้อภัยสัตว์โลกที่ยังจมปลักมายาชีวิตมิติรักโลภโกรธหลงของโจรในเครื่องแบบ ไม่ละอายต่อบาปทรยศวิชาชีพด้วยการสร้างความเสื่อมถอยเอง	",anger
"ขายของให้ฮยองอีกแล้ว อีกนิดนี่โจนี่โกรธแล้วนะะะะะะะ ??? //อยากสิงโจนี่อัปป้าโป๊ะโป๊ะด้วยง่ะ ????#Mino #spngstagram https://t.co/LMAmez49zo	",anger
"น้องมีความทำคลิปวันเกิดให้ แต่รูปที่มันเอามาเป็นรูปส่วนตัวในคอม ไม่อยากให้ใครเห็น คือกูควรรู้สึกไงว่ะ ที่รู้ๆคือไม่ได้ดีใจเลย กูโกรธ!!!!!!	",anger
"หรือที่จริงแล้วมันไม่ควรโกรธ แต่กูโครตโกรธเลยว่ะ ทำไมเป็นเด็กแบบนี้ว่ะ ชอบยุ่งเรื่องส่วนตัวชิบหาบ เว้นช่องว่างให้กูบ้างเหอะ	",anger
"ไม่อยากให้เธอโกรธเราเลย??	",anger
"ไก่เวร แม่ง โกรธ	",anger
"เมื่อก่อนเคยโกรธเพื่อนเป็นปีๆอ่ะเพราะน้องเพื่อนมาเปิดกระโปรงแล้วเพื่อนไม่ช่วยเอาแต่หัวเราะ กูโกรธเป็นปีเลยค่ะ??	",anger
"ไม่เข้าใจเลยกับเรื่องแค่นี้ต้องมาโกรธ ทะเลาะกัน มันไม่ใช่เรื่องอ่ะะ โตแล้วคิดให้มากดิ่เห้ยยย	",anger
"นี่เวลาโกรธใครมักจะหิว เลยต้องอาสาแม่ขอเป็นคนตำน้ำพริกให้ เวลาตำก็คิดซะว่าหน้าเขาอยู่ในครกแล้วก็กระแทกสากตำลงไปหนักๆเลยค่ะ เอาให้แม่งหน้าแหก	",anger
"โกรธใจที่ไปรักแก โกรธใจเเกที่ไปรักใคร
#คําคมโดนใจ #คำคม #แคปชั่น #แคปชั่นเหงา #แคปชั่นคําคมโดนๆ #แคปชั่นโสด	",anger
"โกรธวะ	",anger
"อยากโกรธก็โกรธไปไม่ใช่ความผิดกูว่ะโทษที	",anger
"ถ้าเราโกรธจนถึงขนาดอยากฆ่าใคร เราก็คงฆ่า แต่ไม่ยอมให้แม่มารับผิดแทนตัวเองอ่ะ https://t.co/trPxac3DBP	",anger
"โกรธด้วยเนี้ย ไมเรื่องแย่ๆตัวเองทำได้แต่นี่ทำไม่ได้	",anger
"@osh_094 งื้ออ ห้ามโกหกนะไม่งั้นพี่บีโกรธจริงๆด้วย	",anger
"พ่อโกรธที่โทรมาทีไรก็บอกหิ้วของอยู่ เขาไม่ให้หิ้วแล้วให้ไปพักไม่ได้ไปทำงาน อ๋อ พ่อไม่รู้ว่าช่วงเวลาของลูกอยู่ที่เที่ยงคืนถึงหกโมงเช้า555555	",anger
"บางคนนี้พอโกรธกับแฟนชอบโพสว่า ""โสด"" นี้ถ้ามึงโกรธกับแม่ กูว่ามึงคงโพสว่า ""กำพร้า""	",anger
"เหมือนมึงโกรธกูอ่ะ 5555 https://t.co/GSvX7jtWtH	",anger
"ที่ผ่านมา อดทนได้ทุกอย่างนะ มองโลกในแง่ดี ไม่ถือโทษโกรธอะไร พยายามเข้าใจ แต่อีกฝ่าย นอกจากไม่รักษาน้ำใจ ยังเหยียบย่ำความรู้สึกซ้ำแล้วซ้ำอีก	",anger
"'คุณเจย์ไม่ต้องมาง้อเราหรอกนะ เราไม่หายโกรธ'
'ใครบอกมาง้อ'
'แล้วคุณเจย์มาทำไมอะ'
'มาพาเมียกลับบ้าน' *อุ้ม
'ไม่เอาเร… https://t.co/3X2HoYymhQ	",anger
"@siblorjohnnyx @siblorrenjunx ฟลอย่าไปโกรธมันครับ เสียเวลา เอาดีๆคือเลิกคบเลยดีกว่า	",anger
"เคยทะเลาะกับเพื่อนเรื่องชื่อแบงค์วงแคลชหรือชื่อแคลชวงแบงค์ ตอนนั้นเรื่องใหญ่มาก ชอบพี่แบงค์มากและโกรธเพื่อนที่เรียก… https://t.co/LO5EAqipyf	",anger
"#???_28??_????ผมยอมรับว่าตอนนั้นผมโกรธตัวเองมากเพราะว่าผมรู้สึกเหมือนว่าผมทำให้ทุกอย่างมันยุ่งยาก #9	",anger
"เหนไหมอะทุกคนล้วนมีเรื่องโกรธบ้าบอ	",anger
"ใช่มึงเป็นเพื่อนสนิทกู กูแคร์มึงทุกอย่าง แต่นิสัยของมึงกำลังทำลายความสัมพันธ์มึงกับกู
กูเหนื่อยที่ต้องตามง้อมึง กลัวมึงโกรธทุกอย่าง	",anger
"@Zander_OC (เดินตามอีกฝ่ายไปเงียบๆก่อนจะตัดสินใจถาม) โกรธผมงั้นเหรอ?	",anger
"บางทีก็โกรธมอตัวที่ทำอะไรช้า เปิดช้า เรียนช้า สอบช้า ปิดช้า	",anger
"แมร่ง! Goo โคตร โกรธ เกลียดพวกที่ชอบเบื่อยาสุนัขฉิบหาย
# มึงเกิดเปนเดรัจฉาน อสุรกายเถอะ
อย่าเปนแม้กระทั่งคนเลย	",anger
"ห้วร้อนนมากกกก คิ้วอะไรของมึงเนี่ยยย โกรธจนหยาบละนะ ??	",anger
"อีเด็กหน้าหี โกรธมาก เจ็บเล็บชิบหาย มึงเหยียบนิ้วที่ไปผ่าเล็บขบมาเต็มตีน นั่งปวดอยู่เนี่ย อิชิบหาย ปวดเหมือนขาจะหักอะ ควยยยยยยยยยยยยยยยยยยยย	",anger
"ไม่มีให้เลยกูยังไม่โกรธเท่านี้เลย เอาจริงๆ พ๊อออออมึงงงงต๊ายยยยย

#กูจะไม่ยอมเห็นรูปนี้คนเดียว #แบบนี้ก็ได้หรอ https://t.co/CNzR4qYbvO	",anger
"เพิ่งแน่ใจว่าจินยองไม่ใช่แมวแต่เป็นเสือก็วันนี้ล่ะ!! ไม่ใช่แค่น้ำเสียงนะ สายตานี่เปลี่ยนไปเลยอ่ะ โกรธไรจั๋นนิ่?????… https://t.co/vTTOY43pZv	",anger
"@qvxes_ เพื่อนมึงเป็นไรนักหรอ พูดแต่งอลๆโกรธๆ เชี่ยไรนัก คุยชวนอะไรก็พูดแต่ งอลๆโกรธๆ กูถามแค่คิดถึง ตอบดีๆไม่ได้ไง อยากงอล อยากโกรธ ใช่ไม๊	",anger
"กับเพื่อนบางคนพอกูนั่งเงียบๆก็เสือกนึกว่ากูโกรธบ้าง ทำไมไม่คุยบ้าง เห้อออ เหมือนมึงนั่งเงียบๆไม่ได้ ต้องคุยกับกูตลอดเวลา	",anger
"@taetae_nant =_= โกรธพนงมาก ฮือ	",anger
"กูใจเย็นพอที่จะคิดได้ว่าอะไรควรพูด ไม่ควรพูด คำบางคำกูพูดเล่นๆ แค่พูดถึงสิวมึง มึงก็ตะโกนใส่หน้ากูละ ทำไม โกรธแค่เรื่องเหี้ยนี่กูก็...	",anger
"ทำไมมึงถึงต้องโมโรร้ายด้วยอ่ะ
ทุกครั้งที่มึงโกรธกู มึงไม่เคยสนใจความรู้สึกกูเลย ใช้คำรุนแรงใส่กู  แต่กูก็รักมึง	",anger
"@marvel19xx นี่ก็ออกมาเพราะรอให้อีฟางมันเลิกโกรธกูเหมือนกัน	",anger
"เจ๊มงขังตัวเองในห้อง เอาแต่ร้องไห้ หลังจากที่รู้ว่าโดนบีบให้ออกจาก #runningman โกรธมากอ่ะ ขอให้ กงฮวีชอลโดนเด้ง #firegongheechul	",anger
"@PGNzzgp เลิกโกรธแล้วค่ะ มีแต่เกลียด	",anger
"กูก็แย่เนาะแปปเดียวโกรธแปปเดียวงอน	",anger
"สะเทือนใจมากเลยอะ เอาตังค์ไปแล้วเอาเป๋ามาคืนกูได้มะ จะไม่โกรธ กูขอบัตรคอนบัตรมีทคืน เอทีเอ็มด้วยทำใหม่มันแพงนะเว้ย(?_?)(?_?)	",anger
"ตลกรีล่า5555555 โกรธแทนด้วยคน	",anger
"กูก็มีความรู้สึกนะเว้ยแต่สำหรับมึง ที่ไม่โกรธแม้ว่าจะทำอะไรผิด เพราะกูอยากไช้เวลารักกันให้นานที่สุด ไม่อยากเสียเวลามาโกรธกัน ถึงแม้สุดท้าย..	",anger
"นิยายพี่โอ๋สิ่งที่ทำยากที่สุดเวลาอ่านคือ...โกรธพระเอกเกินสองตอน 555555 ยิ่งอ่านยิ่งอยากกอดเล่ม &gt;_&lt; #LoveandLie https://t.co/eqHeNMs0aY	",anger
"โดนพี่โกรธเพราะไปบอกแม่ว่าพี่สั่งยาลดความอ้วนในเน็ต ไม่รู้ว่าคุณภาพไหม ก็รักอ่ะ กลัวพี่กินแล้วใจวายตาย แล้วนางก็ไม่ยอมคุยด้วย ...อมก งงเลย	",anger
"พรุ่งนี้ป๊าชวนไปเพชรบูรณ์ แล้วไง สอบคอมค่าาา ไม่ไหวแล้ว จะร้อง บุญมีแต่กรรมบังมากกก รัตนา เธอมันคนบาป ชั้นจะสาปแช่งเธออออ โกรธมากกกก โอยยยยย	",anger
"ที่โกรธคือเรารู้ว่าไปทำไร แต่กลับโกหกพ่อแม่ ว่าทำงาน เลยกลัวตัวเองจะเป็นแบบนั้น	",anger
"โกรธมาก เซ็งมาก อึดอัดชิบหาย	",anger
"เพราะเพื่อนเหยียบหอยทากตาย(โดยไม่ตั้งใจ) นี่ก็โวยวาย สงสารหอย สุดท้ายต่างฝ่ายต่างร้องไห้ โกรธกันเป็นฟืนไฟ https://t.co/9TGC0qL7ba	",anger
"ที่ด่านี่เห็นเพื่อนด่าแล้วมึงไม่โกรธกูเลยพูด	",anger
"โกรธเพื่อนที่ไม่ไปโรงอาหารพร้อมกัน ตกเย็นนางโทรเข้าโทรศัพท์บ้านแต่เราไม่รับเพราะใช้ต่อเนตอยู่ วันรุ่งขึ้นนางเขียนเ… https://t.co/i57B4OPbl2	",anger
"@hanbingavynx เราโกรธเธออยู่ มากๆ เธอทำร้ายจิตใจเราเกินจะเยียวยา	",anger
"จะบอกว่าขำๆแต่การที่ว่าความชอบคนอื่นว่าไร้สาระเนี่ย.. มันน่าโกรธนะ	",anger
"โกรธกันแล้วในใจของเธอมีความสุขไหม,,,??????? 
@peakpeemapol 
@BoomKrittapak 
#peakpeemapol 
#BoomKrittapak 
#ทีมบูมพีค… https://t.co/bGFh3h5tXX	",anger
"กูโกรธไรขนาดนั้น555555555 https://t.co/bY1aF53f0D	",anger
"งอนจนร้องไห้ เวลาแม่งง้อก็โคตรน่ารักเลย หายโกรธแล้วๆ.  ไม่เอาไม่ร้อง 
โอยย.  น่ารักกก????????????????

#จุบๆ	",anger
"พึงชนะคนโกรธ ด้วยความไม่โกรธ	",anger
"@NarawitchayaJB โกรธนะแต่ก็ต้องเก็บไว้ เพราะทำอะไรไม่ได้แล้ว	",anger
"โกรธตัวเองทุกครั้งที่นึกถึงวันนั้น	",anger
"โกรธที่เมื่อคืนผดสเยอะ ทำให้สั่งซื้ออัลบัมพร้อมลายเซ็นและของที่ระลึกไม่ทัน อีหอยหลอด ถ้าซื้อแยกมันแพงไง หุ้วว เซง!	",anger
"อ่านตอน 3 ครึ่งแรกโกรธตาพี่มาก ขั้นเกลียดดดด เชียร์ป๋าให้จัดหนักๆ พอมาครึ่งหลัง...ร้องไห้น้ำตาแตกเลยค่ะ?? #น้องเต่าของชานยอล	",anger
"คนเรามันมีอารมณ์โกรธกันทุกคนแหละ แต่จะไปลงที่คนอื่นมันก็ไม่ใช่เรื่อง.	",anger
"สมองกลวงหรอ เมายา? อายหมาไหม เอาแต่นิสัยตัวเองเป็นที่ตั้งไม่ได้ดั่งใจอะไรโกรธ ทุกคนผิดมึงถูกเสมอ ด้านได้อายอด นับถือจริงๆคนแมน	",anger
"@pimbua ดีเอ็มมะ กูอยากรู้ พวกมึงดูโกรธเกรี้ยวสึส	",anger
"@kimthanya94 โอ๋ๆ /เช็ดน้ำตาให้/ เดี๋ยวมาโกรธตาพี่กันต่อนะคะ พาร์ทพี่เขายาวมากๆ ฮืออออ ขอบคุณที่ติดตามอ่านนะคะ /กราบ/	",anger
"ใครจะใส่ร้ายป้ายสี ก็ให้นึกว่าเขาจะต้องตาย
เราคือกายกับจิตก็ต้องตายจากกันไป 
จะมาโกรธ มาโลภ มาหลง (๒/๓)	",anger
"แปลกดีนะ...เวลาทะเลาะกันมักจะ ""ลืมความรู้สึก"" ที่ผ่านมาทั้งหมด เหลือเพียงแค่ ""ความโกรธ"" !!!	",anger
"ตอนแรกก็ไม่ค่อยโกรธหรอกแต่เอาไปพูดลับหลังเป็นเรื่องตลกอีก ใช่เรื่องป้ะ	",anger
"@19971113_ บู้ โกรธมันอยู่ แอบหนีไปได้ 5555	",anger
"บางทีกูก็สับสน เหนื่อย โกรธ โมโหกับระบบผีๆดบบที่มึงทำอยู่อ่ะเอสเอ็ม แต่กูทำไรไม่ได้ไง	",anger
"@aommyaommy_lee ร่อนเอวเบากว่าคลิปในผับค่ะ พี่เกดโกรธมาก อยากจะวิ่งไปกระตุกกางเกงทิ้งค่ะ !!! 5555555555555555	",anger
"@sawatdeeka_ เห็นว.ว่ารุ่นพี่ในค่ายยังโกรธแทนเลยแล้วนี่ต่างค่ายปีนเกลียวเหยียบหัวแหม๋ๆใจเย็นกันจรุง ตอแหลไม่เนียนไปเรียนมาใหม่	",anger
"ไอติมเเพงสาสโกรธ	",anger
"พน.คัยทักสิวกู กูโกรธหมดอ่ะ	",anger
"นี่เข้าใจว่าแกทแพทรอบแรกนางก็ไปสอบเอาสนุกนะ ไม่เห็นอ่านหนังสือเลย โกรธมัน	",anger
"คนที่โมโหคนที่โกรธ คนที่กำลังตะโกนด่า บางทีเขาอาจจะไม่ใช่คนผิดก็ได้นะ ทำไมไม่ลองโทษคนที่ทำให้โมโหดูบางสิ	",anger
"บทเรียนของวันนี้ อย่าซ้อนมอไซซีน้อลตอนมันโกรธ	",anger
"ฟังโกะวันด้าที่บอกว่าจะซื้อตั้งแต่ The Force Awakens เข้าโรงกูยังไม่ได้ซื้อเหล๋ย วิชั่นที่บ้านโกรธกูแหลว	",anger
"ตกลงวีคลี่ซึลรีนไม่ได้ไปใช่ป้ะ หนอยทำมาเป็นหลอกกัน โกรธ	",anger
"จริง ๆ แล้วเป็นคนน่าเบื่ออ้ะ ความโรแมนติกเป็นศูนย์ ไม่ชอบคนเยอะ ๆ เกลียดเสียงดัง ไม่เข้าใจความงี่เง่า ไม่ตอบสนองอารมณ์โกรธของคนอื่น ฯลฯ	",anger
"ยังนึกโกรธที่หนีไปดูหนังกันสามคนพ่อแม่ลูก ละนี่โทรไปหาเลยรู้ ตอนนั้นขึ้นเสียงเลยอ่ะ ไหนบอกจะไปด้วยกัน ทิ้งเราไว้อ่ะ	",anger
"กูโกรธขนาดนี้ยังไม่สำนึกอีกเหรอ	",anger
"โกรธจนน้ำตาร่วงเลย โกรธเจ้าภาพที่ไม่ใส่ใจ แต่โกรธตัวเองมากกว่าที่ทำงานใหญ่แล้วไม่รอบคอบ	",anger
"ครั้งนี้โกรธจริงจัง และคิดว่าจะไม่หันหลังกลับไปอีกแล้วล่ะ พอกันทีกับความรัก — รู้สึกแย่กว่าเก่า	",anger
"@Mook_LDH ซิสแกโกรธที่มีคนเล่นอะไรไม่เข้าเรื่อง	",anger
"กูดิที่ต้องโกรธ ไม่ใช่มึงมาโกรธกู #อิ?? แถมไม่ยื้อไม่อธิบาย กุอยากคุยด้วยแทบตาย ฟายยจริงๆ ??	",anger
"ก็อยากจะไม่ยุ่งไม่คุยไม่ไรเพราะโกรธนะแต่ทำไมไม่ได้เป็นพวกแปปๆก็ช่างแม้ง	",anger
"จากบางกะปิไปดอนเมืองใกล้มากมั้งหอย กูโกรธเพื่อนที่บอกกูผิดมาก ดีนะกูเช็คอีกรอบถ้าไม่เช็คกูเด๋อไปสอบไม่มีชื่อนี่ชิบหายเลยนะคะ	",anger
"โกรธๆคนขายทำโรตีไหม้	",anger
"กูไม่ตลกอะ กูโกรธแบบโกรธอะ ทำให้กูเป็นห่วงงี้อ๋อ	",anger
"ช่างตัดผมโกรธเเค้นมาจากไหน5555555555 https://t.co/D96BMxriqV	",anger
"โกรธครูมากให้ลุกนั้ง200 และตอนนี้ขากูคือระบบ ปวดมากกกกแทบลุกไม่ไหว ขึ้นบรรไดทีนี้แทบล้ม	",anger
"29.จะโกรธมากเวลาทำอะไรอยู่แล้วมีคนพูดสวนขึ้นมา	",anger
"@Darlingdl3 ละทำโทษยัง อีห่า โกรธแทนมาก	",anger
"เคยโกรธแม่เพราะแม่ซื้อของกินมาไม่ตรงกับที่บอกให้ซื้อ https://t.co/p2CiPwYoj9	",anger
"ก็แบบนี้แหละกู ขี้รำคาญ ขี้หงุดหงิด ขี้โวยวาย แต่โกรธมากๆจะไม่ค่อยชอบพูดเท่าไหร่ จะตะโกนเลยทีเดียง ปั่ง! จบ ละก็เป็นเรื่องจ่ะ ????????	",anger
"โกรธรัยกูก้อไม่รู้  เพื่อนกันแท้ มีรัยไม่พูดตรงๆ	",anger
"โกรธๆๆๆ บอกเลยยย โกรธมากด้วยยยยยยย ????????	",anger
"ครูแบบนี้ กุนั่งเกร็งทั้งคาบ ไม่รู้ไปโกรธใครมาจากไหน #เจอครูแบบไหนกันมาบ้าง https://t.co/rHDD6C6C2Q	",anger
"วันนี้นุ่นโกรธอะไรขวัญอ่ะนุ่นเป็นอะไร????????	",anger
"โกรธมากอ่ะ พูดเลย	",anger
"เอาจริงๆกูโคตรโกรธพ่ออ่ะสัส จำวันเกิดลูกแท้ๆไม่ได้แต่จำวันเกิดลูกของนางได้ อุ้บส์ ห่างกัน4วันเอง น่าคิด??	",anger
"@OrangeLargeBox เห็นแล้วก็โกรธนะ เอาดีๆ ทำวงพัง จำได้เลยหยุดโปรโมทแล้ว เด รวว เลย สมัย เจวายเจ บล็อคสุด เจสอีก กูชอบทั้งนั้นนน	",anger
"ไอ้เหี้ยกูโกรธนะ กูก็พูดดีๆด้วยอ่ะ	",anger
"อาการโกรธไม่ได้มีแค่พูดไม่ดีด้วยนะ 
เงียบไปก็แปลว่าโกรธได้เหมือนกัน	",anger
"คิดว่าโกรธกูได้คนเดียวหรอวะสัส	",anger
"กูโกรธมึงนะแต่กูทำเป็นเฉยๆวะไม่อยากทะเลาะ	",anger
"	ซิงเกิ้ลเกทเวย์ไม่น่ากลัวเท่าซิงเกิ้ลออลเวย์สหรอก",fear
"	ไม่ต้องมาถามว่าประชาชนว่ากลัวอะไร รัฐบาลคุณนั้นแหละ กลัวอะไรกัน ทำไมต้องปิดหูปิดตาประชาชน #พรบคอม",fear
"	""เจอวลี """"กลัวอะไรถ้าเปนคนดี"""" นี่เงิบไปสามตลบ แกรเข้าใจคำว่า privacy ไหม มันไม่เกี่ยวกับผิดไม่ผิด จะดีจะเลวก็ไม่ต้องการให้ใครรู้ไง #พรบคอม""",fear
"	""เกิดมาเพิ่งเคยเห็นนกพิราบพากันมายืนผิงไฟเพราะความหนาว แล้วบางตัวยืนใกล้ไฟมากแบบไม่กลัวขนไหม้กันเลย",fear
"	""ถ้าถามประชาชนว่า """"ไม่ได้ทำผิดแล้วจะกลัวอะไร"""" ขอถามกลับบ้างค่ะ """"แล้วถ้าในสิ่งที่ประชาชนพูดไม่ใช่เรื่องจริงจะกลัวทำไม"""" ? #พรบคอม""",fear
"	เราบริสุทธิ์นะ ที่กลัวคือคนที่เข้าถึงข้อมูลเราได้นี่แหละ บริสุทธิ์แค่ไหนกัน คนบริสุทธิ์ทั่วไปจะอยากเข้าถึงข้อมูลคนอื่นไปทำไม หื้มม?  #พรบคอม",fear
"	ขอถามแบบโง่ๆนะ เค้าทำไปเพื่ออะไรวะ เหมือนคนที่คอยสอดส่องทุกเรื่องเพราะกลัวโดนคนอื่นนินทาเลยอะ จะเพิ่มงานตัวเองทำไมวะ",fear
"	""อยากบอกทุกคนว่า """"อย่ากลัว"""" เพราะความกลัวของเราจะทำให้อำนาจของเขาเข้มแข็งขึ้นเรื่อยๆ เราทำอะไรได้มากกว่าที่คิดนะ… https://t.co/lCWyqatA9S""",fear
"	ต้านพรบคอมไม่ได้แค่เพราะกลัวอ่านฟิคอ่านวายไม่ได้ปะ มันคือหนึ่งในส่วนที่จะโดนจำกัด แล้วข้อเสียมันก็มีมากกว่านี้เยอะ ไม่ได้เอาข้อนี้เป็นหลัก",fear
"	เพื่อนขึ้นลิฟท์ที่ตึกสินสาดท่าพระจันทร์คนเดียว ดูที่มันเจอดิ คือนี่ไม่เจอเองยังกลัว ???????? (ตั้งแต่ตุลาแล้วนะ) http://t.co/BHF4KHclGG",fear
"	จะไปอยู่นอกโลกค่ะ โลกนี้มันน่ากลัวเกินไป",fear
"	""ตระกะ """"ไม่ทำผิดและจะกลัวอะไร"""" และ #พรบคอม ใหม่ มันก็เหมือน """"ไหนขอกุญแจบ้านหน่อย จะเข้าไปดู ไม่มีของผิดกฎหมายจะกลัวอะไร"""" #เราไม่โอเค""",fear
"	ต่อให้คุณค้าน #พรบคอม เพราะกลัวจะเล่นทวิตไม่ได้เป็นติ่งไม่ได้ หรือจะค้านเพราะมันกระทบทั้งสังคม เหตุผลทั้งสองแบบก็มีความชอบธรรมเหมือนกัน",fear
"	""อ่านละเอียดอีกที น่ากลัวมาก:",fear
"	ปัญหาหนึ่งที่ผู้ให้บริการเน็ตระดับโลกไม่มาตั้ง สนง.ในไทย แต่เลือกสิงค์โปร์ หรือ ฮ่องกงแทน เพราะมาจาก พรบ.คอมพ์ ที่กว้างขวางจนเขากลัว",fear
"	ใน3แสนที่ลงชื่อไป อาจมีคนที่ตีตนไปก่อนไข้ ได้รับข้อมูลน่ากลัวเกินเหตุก็เป็นได้ ซึ่งถ้าเป็นงั้นก็ควรแจกแจงข้อมูลที่ถูกสิ ไม่ใช่เพิกเฉย",fear
"	กูไม่กลัวนักเขียนที่เก่ง แต่กลัวนักเขียนที่ขยัน กูจำคำพูดนี้ของตัวเองได้ดี",fear
"	ขอบคุณมากเเต่บางทีกุก็กลัว555",fear
"	ไม่กลัวว่าจะไม่ได้อ่านนิยายวาย ติ่งไม่ได้นะ อันนั้นแม่งปัญญาอ่อนไปเลยเมื่อเทียบกันความเป็นส่วนตัวที่กูควรจะได้ ควยเถอะ #พรบคอม",fear
เพราะนาทีนี้มันเป็นเพื่อนของเราไปแล้ว ,fear
"	ตอนเด็กๆเวลาโกรธพ่อกับแม่จะชอบหนีขึ้นที่นอนละนอนคลุมโปงพอสักพักไอเหี้ยร้อนชิบหายจะเปิดก็อายกลัวเสียฟอร์มเลยเปิดรูให้หายใจไว้สักนิด  - -",fear
"	กลัวแล้ว ตกใจตลอด ความอิดิทของ ชป ?? https://t.co/f0zhEEpmR0",fear
"	กุเหมารวมอะ เกลียดพวกผู้ใหญ่ทั้งหมด ทำเป็นมารู้หมด เก่ง อาบน้ำร้อน ความจริงก็แค่กลัวจะคุมเด็กไม่ได้ เด็กดีคือเด็กที่ฟัง ควย  #พรบคอม",fear
"	@kwaisfood เออ เดี๋ยวตามไปเว้ย ไม่ต้องกลัวเหงา เดี๋ยวไปฮาร์ดแครี่เฮด้วยกันเว้ย",fear
"	เข้าใจว่าคนที่ไม่ได้ไปลงชื่อคัดค้าน #พรบคอม เพราะกลัวโดนล่าแม่มดอะไรแบบนี้ใช่ป่ะ แต่มาคิดอีกมุมถ้าเราไม่ทำอะไรเลยคนทีแย่ก็คือเราเองนั่นแหละ",fear
"	#พรบคอม ยังดีที่มีคนชื่อคุณสุชาติคอยค้าน ชอบที่บอกว่า ปล่อยให้กรรมการคิดเอง มันคือสิ่งอันตราย จริง ไอ้ที่เขากลัวยังไม่น่ากลัวเท่าตัวพวกเขา",fear
"	แอบรักเธอยังไม่กล้า แอบรักเธอยังต้องกลัว ฉันได้แต่เจียมตัว ว่าฉันนั้นเป็นใคร #เงาอโศก",fear
"	จะยิ้มเเสดงความยินดีก็ไม่กล้า จะชมน้องก็กลัวดราม่าเลยทำหน้าโหดมาเชียว เเต่เเม่เเอบเห็นน้า ว่ามือต๋าอะ ยกนิ้วให้น้อง… https://t.co/Lm6oaHagqm",fear
"	เลื่อนประชุมเรื่อง #พรบคอม ไม่ใช่เขากลัวอะไรหรอก เลื่อนให้มันตรงหวย คนจะได้ไม่มานั่งดูแล้วโวยวาย ง่ายจะตาย",fear
"	เราไม่ได้กลัวความผิดอยู่แล้วเพราะไม่ได้ทำไรที่ไม่ดี แต่ที่หัวร้อนคือไม่ต้องการให้คนอื่นมาตัดสินแทนว่าอันนี้ดูได้ อันห้าม อันนี้ไม่ดี #พรบคอม",fear
"	ไม่ได้กลัวทำผิดหรือเหี้ยอะไรนะ เออ กูก็กลัวเวลากูแต่งฉากอัศจรรย์ละกูโดนเหมือนกัน แต่ก็ไม่ชอบให้ใครหน้าไหนมาเสือกเรื่องที่จะทำอะไรเข้าใจป่ะ",fear
"	คิดว่าตัวแสบแบบเตนล์ไม่เล่นทวิตเดิมแน่เพราะกลัวมือลั่น ต้องมีแอคหลุม แอคที่อวยเตนล์เยอะๆก็น่าสงสัยนะว่าอาจจะเป็นเตนล์ #อันนี้แซวเล่น 55555",fear
"	""more-shit station 5555 เน่าาาาเฟะ นี่แหละที่กลัว สร้างแล้วทิ้งขว้าง แบบฉบับเมืองไทย ??",fear
"	จุฬาฯมาแล้ว ชำแหละ #พรบคอม มาเหนือด้วย บอกว่ามีอีกอันที่น่ากลัวกว่าคือ ร่างประกาศกระทรงดิจิทัล ให้อำนาจจัดการเลยไม่… https://t.co/MNooj6ppCy",fear
"	กล้องเงย์จะเบลอแล้วจะตะไม เงย์แค่ติดฟิล์มที่กล้องกลัวกล้องเป็นรอยอ่ะ ตะไม? มีปันหาหรา https://t.co/gczdQwkUPR",fear
"	ควรสั่ง Ter มาลองมั้ยยย ?????? กลัวสีไม่เข้ากะผิวแค่นี้เองเลยจริงๆ",fear
"ขนาดกวังฮียังกลัว 555555 #BIGBANGInfiniteChallenge https://t.co/5OIyJAv9iW""",fear
"	เก็บดอกไม้ดอกนึงเก็บไว้อย่างดี แต่ก็กลัวที่จะให้.",fear
"	ยัดเอาๆเหมือนกลัวใครจะมาแย่งหนูกิน แล้วเคี้ยวตุ้ยๆเลย น่ารักกก น้องแบมชะเต้ออ~ https://t.co/HDxlCV1KvH",fear
"	อ่านนสทีไม่อ่านจนเป็นวัวเป็นควาย ก็ไปเปิดฟามเลี้ยงสัวเลี้ยงควาย แต่กลัวควายจะตายอีก แม่บอกเดี๋ยวต้องไปซื้อนาให้ อห ยอมใจ55555555",fear
"	มีแต่คนให้คำนิยามว่าหล่อลื่น นี่กลัวน้อยหน้าเมื่อวานก็เลยจัดให้ 'สวยลื่น' #กระโดดถีบความมั่นหน้าของตัวเอง",fear
"	ความรักก็เหมือนแมวตัวนึง .. ถ้าเธอเข้าใจมันมากพอ .. เธอจะไม่โกรธเวลามันเผลอทำให้เราเจ็บ .. และเธอจะไม่กลัวที่ต้องรั… https://t.co/2c6u1FcA3x",fear
"	เหตุผลที่ จงฮยอน บอกว่าถ้าเกิดใหม่ได้ไม่อยากเกิดเป็นไอดอลเเล้ว กูว่าเเม่งกลัว 555555555555555555555555555555555555555 http://t.co/FkvGQ6XUjU",fear
"	กลัววันนั้นฉันจะกลายเป็นปัญหา .",fear
"	นี่กลัวการกดบัตรบังทันที่ไทยมากนะ กรูจะรอดไหมอะ จะนกมะ ??",fear
"	กลัวว่าวันนึงเราจะโตแล้วมองว่าสิ่งพวกนี้เป็นเรื่องที่ไม่ต้องทำก็ได้ไม่ต้องไปเจอก็ได้ ไม่เอาแบบนั้นนะ ต้องยังสำคัญอยู่นะ ไม่ว่าจะอายุแค่ไหน",fear
"	อันเนี้ยฮามาก คือคุณอลันเลียนเสียงกะสำเนียงดิเอโก โคตรรรรรรรรรเหมือนนนนนนนนนน ช็อคคคคคคคค ดิเอโกบอกน่ากลัวมาก555555… https://t.co/xXVNKmr9z3",fear
"	บังทันดังไปทั่วโลกขนาดนี้ เราโคตรดีใจแลยอ่ะแต่อีกใจก็กลัวกดบัตรไม่ทัน...",fear
"	แม่จ๋า มันน่ากลัวมากๆ https://t.co/BkkKdghwCt",fear
"	ถ้าชานยอลบอกความจริงไปว่าตัวเองคือซีนี่จะเป็นยังไงอ่า T-T แค่ตอนนี้แบคฮยอนก็เข้าใจผิดกันไปใหญ่แล้ว กลัวว่าจะเกลียดชยมากกว่าเดิม #จากซีแด่บี",fear
"	ตอนอยู่ม.ปลายคิดมาตลอดว่าพี่มหาลัยจะกลัวเอฟไรกันนัก มันไม่เลวร้ายขนาดนั้นหรอกถ้าตั้งใจ พอมาเรียนจริง อ๋อนะ เอฟใกล้แค่นิ เครๆ นุขอถอนคำพูด",fear
"	@PChanyeolboth มันน่ากลัวขนาดนั้นเลยหรอ หรือว่าโซเชียลประโครมให้มันดูน่ากลัวกันไปเอง นี่รู้สึกเฉยๆ…",fear
"	เมื่อออกมาล้างหน้าตอนดึกๆแล้วเสือกกลัวผี.. https://t.co/G1IwbzhKzH",fear
"	กลัวไม่ได้ไปคอนกลัวมาก",fear
"	ฉากนี้พี่ว้ากคืออ้อยไปเลย55555 ว้ากแค่ไหนแฟนก็ไม่กลัวแล้ว หนูปราบเค้าไม่ได้แล้ว เค้าต้องปราบหนูแล้ว ยัยอาทิตย์!… https://t.co/CcGqf6YH2w",fear
"	""ม้าแคระก็น่ากลัวน้อยกว่าไข่ดาวละว่ะ 5555555555555555555",fear
"	ตอนประถมคือมีค่านิยมเหยียดหนังไก่กันอะ ใครกินแล้วจะนมใหญ่งี้ นี่ก็ไม่กินเพราะกลัวตามกระแส ตอนนี้เลยมีแค่นี้อะค่ะ",fear
"	กลัวจะปีนจนสูงเกินไป จนกลับลงมาที่เดิมไม่ไหว",fear
"	""โลกที่โวลเดอร์มอร์เป็นผู้มีอำนาจนั้น----มันเป็นโลกที่น่ากลัวมากครับ",fear
"	@Kn5C2 @KyuIsMyHeart เราเจอเมนชั่นแล้วตกใจมาก อย่าประกาศแปะหาเราเลยกลัวล้าวววววว 555555555",fear
"	อย่าตกใจ มาสเตอร์โมโนคลาสสิกบอกว่าช่วงนี้จัดการตัวเองไม่ค่อยได้ ขอพักแป๊ปนึงเดี๋ยวกลัวมา เค้าไม่ได้ไปไหน 55555",fear
"	เมื่อโดนท้าก็ต้องบอกให้โลกรู้ว่าข้าเป็นเมนเต้น กลัวเค้าไม่รู้ว่าเต้นได้ จะเต้นยังไงก็ได้ขอแค่ได้เต้นตามใจฉัน… https://t.co/19qre3QTRH",fear
"	คุณยมใส่หมวกอยู่ ซันนี่เลยมองไม่เห็น ดูนางทำ เป็นใครก็กลัว 5555555555555555 #Goblin https://t.co/IPpH6z4zSr",fear
"	""'เห้ย! เตนล์! เป็นหมาป่าอย่ามากระโจนใส่เราแบบนี้ได้ป่ะ?!'",fear
'ทำไมอะโดยอง กระต่ายกลัวเรากัดหรอ?',fear
"	แก้ๆ นางเต้นกันตั้งแต่ตอนเก็บตัว เพราะลูกสาวโค้ชต้องทำโฆษณาส่งครู แต่โค้ชไม่ให้ใช้เพราะกลัวเสียภาพพจน์ ได้แชมป์แล้ว… https://t.co/rs0DVNRrBQ",fear
"	""@ilbeyourprince_ ..เราไม่เคยเห็นหมีกลัวจริงจังซะทีอ่ะ ทำไมเป็นบุคคลที่ต้นความเกรี้ยวกราดเราได้ขนาดนี้ - -"""" อื้อ! รักเหมือนกันนะ ?""",fear
"	นี่กลัวซีรีส์จะเบาไปด้วยซ้ำ กลัวหนักเรื่องรักๆใคร่ๆจนน่ารำคาญ...",fear
"แต่รูป2นี่แบบ พี่บีคะ ฮืออออ น่ากลัวจริงๆนะ ฮือออออออออ ?????????? https://t.co/ZG5FszpsYD""",fear
"	ดู itadaki high jump น้องยามาดะน่าสงสารอ่ะ ที่โดนให้เข้าบ้านผีอ่ะ นี่เค้าเข้า น่ากลัวจริงนาจาาาาา คนกลัวมากๆคือแทบบ้าอ่ะ",fear
"	สถานการณ์เช้านี้ค่ะ ติดห้องเดี๊ยนเลยค่ะ กลัวแร้ว https://t.co/OrRdN4JeHN",fear
"	@Namrinlove9 กลัวทำพัง ?? น่าจะได้อธิบายโค้ดเฉยๆ เดี๋ยวดูก่อนว่าเพื่อนทำยังไงกัน",fear
"	ต้องอ่านมหากาฬ prin bio อีกละ เนื้อหาเยอะไปไหนคะ กลัวเด็กได้เต็มสินะ T T มิดเทอมที่ผ่านมาก็เกินครึ่งไปนิดเดียวเอง ??",fear
"	หนังเก้งที่จูบโอเคสุดคือ รักแห่งสยาม กับ ฮอโมน มะ นอกนั้นคือจูบอะไร เอาปากชนกัน เม้นยิ่วกว่ากลัวเชื้ออีโบล่าจะเข้าปาก โว้ะ ไม่ต้องมีมะซีนนี้",fear
"	""รู้สึกว่า ตั้งแต่เลื่อนขั้นเป็น """"สามี"""" นี่ยิ้มระรื่นเลยนะ พี่อาทิตย์ว้ากนี่ไม่มีความกลัว #ทีมพีรญา #SotusTheSeries https://t.co/v29xYBuHBQ""",fear
"	@bongtai ก็รักนะ แต่ยังไม่ดูภาค 3 เลย กลัวใจตอนจบ 55555555",fear
"	พร้อมจะหลงเข้าป่ามาหาหนูไหมคะ หนูเนี่ย..เป็นหมาป่าที่น่ากลัวที่สุด อย่าเผลอนะคะ คิกคิก จะควักใจพี่ออกมาไม่ให้เหลือไ… https://t.co/0fP2AeOdr1",fear
"	เคยปวดท้องมากๆ แล้วเปิดกูเกิ้ล แต่ละโรคที่ขึ้นมานี่โคตรน่ากลัว แพนิคจนต้องรีบไปโรงพยาบาล สรุปหมอบอก แดกมากเกินไป อาหารไม่ย่อยเลยท้องอืด - -",fear
"	โกนหนวดต้องโซฮอต โซพอร์นขนาดนี้เลยหรอคะ.... ฮือ /*กลัวแล้ว* #colinfarrell  #Gradence https://t.co/DWrSHEyGA8",fear
"	""รถตู้ภูเก็ตขับน่ากลัวทุกคัน... ฟันธงค่ะ????",fear
"	@thatonnam @apisama_p พวกมึงแม่งน่ากลัว",fear
"	ตอนแรกแอบกลัวว่าจะไม่มีใครห้ามใคร ปรากฏวันจริงไม่มีใครห้ามใครจริงๆ ???? แต่ไม่ตลกจนล้น กำลังน่ารัก มีความตลกแบบไทบ้านเหมือนกัน ???? #จบการรีวิว",fear
"	กลัวการถูกรำคาญจากคนที่เราแคร์",fear
"	คนไม่โกหกสบายจะตาย พูดกี่ครั้งก็พูดได้เหมือนเดิม ไม่ต้องหลบตา ไม่ต้องกลัวจะมีพิรุธ พูดโกหกสิยากกว่าเยอะ แล้วโกหกทุกเรื่องนี่ไม่เหนื่อยเหรอ",fear
"กลัวคำตอบที่ออกมามันจะไม่สู้หน้ากันอีก""",fear
"	กลัวเพื่อนทำเก้าอี้หายมากๆเลย ขนาดแค่เพื่อนนั่งกรวยที่มหาลัยยังหายเลยอ่ะะะ ?? https://t.co/PoKlDHPzaZ",fear
"	เราไม่ได้กลัว แต่ความเป็นส่วนตัวอ่ะรู้จักไหมครับ #พรบคอม",fear
"	ที่จัดคอนบังทันในบราซิล จุแค่ 7000 แต่คนมาจองห้าหมื่น+ อมก ฮอตอะไรเบอร์นี้อ่ะ กลัวแล้วววว เปลี่ยนที่จัดเถอะงี้อ่ะ",fear
"	""เดี๋ยวๆ ฮยองฝนตกอยู่ ไม่กลัวเป็นหวัดหรอ?",fear
"	อ่าจ๊ะรู้แล้ววว่าเท่ห์ เราจะมองข้ามฉากลากรถสองล้อให้ซึงรีไปนะ ไอฉากสไลด์กับราวบันไดนี่เสี่ยวมากกลัวพี่เค้าจะพลาดแต่… https://t.co/82nDXbQYoz",fear
"	ทำไมต้องยืนจับมือกัน กลัวหายหรออ #เชอเนสท์ https://t.co/YK0DEPvSu2",fear
"	น่ากลัวมาก",fear
"	@KLDxDISNEY กลัวฟันผุจังค่ะ มันต้องปวดมากแน่ๆ .ดันลูกอมกลับ",fear
"	ไม่ได้หยิ่ง แค่เข้าหาคนไม่เก่ง อยากคุยด้วยแต่บางทีก็นึกไม่ออกวว่าควรตอบอะไร อยากรู้จักแต่ก็กลัวหาว่าเสือก",fear
"	พี่ผญคนนึงในเฟส โพสแต่เรื่องใต้สะดือ เงี่ยนทั้งวี่ทั้งวัน แล้วบ่นโสด โถ่อิดอก ผชไหนจะเอา เขากลัวความกะหรี่ของพี่มั้งคะ",fear
"	รีล่า กระเป๋ากบ พออยู่รวมกันทำไมน่ากลัวขนาดเน้!!?? แล้วดูอยู่กับนุ้ง นุ้งไม่กลัวหรอ แล้วคนหมวกชมพูนั้นกลัวมั้ย กบนะเ… https://t.co/7e5ntQV9eg",fear
"	น้องเรนไม่โอเคที่จะต้องเห็นโซนยอชิแดทั้งวัน โดยเฉพาะกับทิฟฟานี่ น้องเรนจะนิ่งเฉยในบางครั้งก็ตะลึงดูหวาดกลัว เราจะต้… https://t.co/XRX8yGcbUT",fear
"	""เอาตรงๆเลยก็กลัวอ่ะ",fear
"กลัวจะเสียคนที่มีอยู่ตอนนี้ไป""",fear
"	""คะแนนบั้มไม่มีดิจิดอตเต็ม โอ๊ย ",fear
"	ว่าด้วยความกลัวเมียของพี่ชานนั้น... #chansoo #สมาคมพ่อบ้านใจกล้า #คยองซูเป็นของชานยอล… https://t.co/3d1AtyBshp",fear
"	หุ่นตอนอยู่บนเวทีน่ากลัวอะ แต่ในเอ็มวีก็ไม่น่ากลัวนะ 555555555555555555555555",fear
"	ก็อยากบอกคิดถึงแฟนเก่าบ้าง แต่กลัวโดนตบ55555555555555555555555555555555555555555555555555555555555555",fear
"เอาชนะมันได้ง่ายๆ กลัวสิ่งไหนให้ทำสิ่งนั้น""",fear
"	แม่กลัวกูหลับหรอ ซื้อมาแก้วใหญ่มาก https://t.co/um2NZXWRb2",fear
"	เมื่อเลื่อนไทม์ไลน์แล้วเจอคนน่ากลัว...อวสานข้าวเที่ยง กลัวแล้วจย้า..แม่!!แม่ต้องดูอันนี้!!หนูไม่เห็นคนเดียว... https://t.co/nULe56Yeqs",fear
"	เกินมีนมา 7 ยังกลัวเลยค่ะพี่ตา",fear
"	""""""จับมือผมไว้แน่นๆตอนที่มีช่วงเวลาที่ยากลำบาก ผมอยู่นี่แล้วไม่ต้องกลัวนะ"""" ความอบอุ่นของโอ้เซฮุนนี้ เหมือนรูปที่ EXO-… https://t.co/TEX8LOsSje""",fear
"กลัวเด็กๆกลัวเรา""",fear
"	จริงๆ คือมันน่าเอ็นดูไปหมด ต่อหน้ากล้องหรือในสายตาคนอื่นดูน่ากลัว แต่ถ้าตามจะรู้ว่ากากมากกก https://t.co/I7BLJ4Gsg5",fear
"	@Faton_Opor เออไปด้วย หนังสือทุกวิชารวมกันน่ากลัวกว่าโวลเดอร์มอร์อีก อห",fear
"	?? เบื้องหลังการถ่ายทำฉาก CPR คนไข้ ยอนซอกกลัวฮยอนจินเจ็บเข่าก็เลยหาผ้ามารองเข่าให้ แถมบริการนวดฟรีด้วย ??… https://t.co/cUx5mCjGXl",fear
"	นูน่ามีความเอ็นดู เอามือรองมุมเก้าอี้ให้น้อง #Bambam กลัวน้องหัวโขกเก้าอี้ ????? https://t.co/AhwWuPJ3Ei",fear
"	กลับหอพน.เช้าแม่ง ไม่อยากกลับวันนี้กลัวจิตตกกลับไปร้องไห้อีก??",fear
"	จริงใจไม่มีอะไรต้องกลัว มีสติ ภาษานี่มีส่วน เราพูดเกาหลีกับเขาด้วยอะอาจจะช่วยมั้ง แต่ไม่ใช่ดุ่มๆพูด เขาบอกให้พูดอตอนแรกคุยอิ้ง นางก็ปล่อย",fear
"	""เป็นการต่อสู้ ที่โหดร้ายรุนแรงและน่ากลัวมากจริงๆคะ ",fear
"	เสียเงิน 50 บาท หยอดตุ๊กตานั่งเล่น นั่งยังไม่ถึง 30 วินาที เลิกค่ะ นุนิร้องไห้ กลัว ไม่ห่วงเงินแม่เลย",fear
"เอาไว้อ่านวันที่ไม่มีแรงจะเดินต่อ จะได้รู้ว่าไม่มีไรน่ากลัวถ้ามีฮุนอยู่""",fear
"	จวิ้นหลินเป็นคนกลัวความมืด แต่น่าจะหนักกว่าเจินหยวน อยู่ในที่มืดแล้วน้องจะสั่น...จับมือเฉียงซะแน่นเชียว https://t.co/XgCxzP9NPf",fear
"	เขาห้ามจุดพลุไฟในสนามค่ะ แฟนบอลไทยนี่แหละค่ะ นี่ด่าอินโดไว้เยอะ  อย่านะคะกลัวโดนสวนกลับหน้าจะแหกเอาค่ะ  #AFFSuzukiCup",fear
":กลัวคุณเปลี่ยนไป กลัวคุณจะหายไป""",fear
"	ความผูกพันมันน่ากลัวจนเกินไป",fear
"	กลัวแทแทเหงาล่ะสิ ยืดแขนย่อตัวเพื่อมาแตะไหล่น้อง รักน้องมากๆสินะ ?? #vga #taegi https://t.co/dJJYAaGTmF",fear
"	แมวที่ม. มีเยอะจริงๆนะ แต่แม่งขี้กลัว อิตัวอ้วนๆอ่ะเชื่อง ????",fear
"	หากคุณอยากมีรักที่จริงใจ คุณก็อย่าสร้างกำแพงให้ตัวเองสิ อย่ากลัวการเสียใจเพราะมันเป็นเรื่องปกติ คิดในทางบวกว่าความสุขมันเยอะกว่าเศร้าอีกนะ",fear
"	ขอยกให้นี่เป็นมาสคอตที่น่ากลัวที่สุดในโลก ฮืออออ ชูสองนิ้วก็ไม่ทำให้น่ารักขึ้นหรอกครับพี่ครับ กลัวแล้ว https://t.co/QcgJxPLM6I",fear
"	บอกตรงๆว่าเจอพี่เจงุนแล้วค่ดเสียขวัญ ตกใจกลัวแลง",fear
"	""เป็น นอมูนอมูนอมู เวอร์ที่น่ากลัวที่สุดล่ะ ทำโจควอนอ้าปากค้างได้เนี่ย 5555555",fear
"	@vx_qg กลัวเหมือนกันเลยพี่ก้อยกลัวไม่มีตังค์555555",fear
"	555555พี่น่ากลัวหรอ #เสือไลน์เปิดออพี่ขอเปิดเสื้อ https://t.co/meywf20ZDA",fear
"	ไม่ได้ว่าคนแปลนะคะ ดักไว้ก่อนเดี๋ยวมีคนเข้าใจผิด พอดีเป็นคนขี้กลัว555555555555",fear
"	แหกกฏทุกฟิคที่เคยอ่าน เมะคออ่อน กลัวความสูง กินคลีน เกือบจะมังสวิรัติ แต่เคะ กินเนื้อ กินเหล้ากินเบียร์ชิวๆ ใจกล้าแมนๆ ?? #LeoLucas",fear
"	คนเล่นอวตารเดี๋ยวนี้เขาไม่ได้กลัวว่าใครจะรู้ว่าตัวเองอวตารมาจากแอคไหนหรอกครับ เขาเล่นเพราะความสบายใจ ก็กูจะเล่นมึงจะทำไม จำได้ก็เรื่องของมึง",fear
"	พ.ร.บ. คอมพิวเตอร์ออกมาก็ไม่กลัวหรอก เพราะนี่ไม่ได้เล่นในคอม นี่เล่นในไอโฟน ตอนนี้ยังไม่มี พ.ร.บ.ไอโฟน ??",fear
"	มันเหมือนจะดี แต่ลึกๆก็กลัวว่ามันจะจบเหมือนเดิม",fear
"	โอ้ยยยยย กลัวแล้วววว55555 BOOMBAYAH ก็มาเว้ย555555555555555555555555555555555555 #AFFSuzukiCup #บอลไทย https://t.co/aV0IpvvXql",fear
"	@SEOUL90psyche นี่หยอดตลอดเว จีบก็บอกว่าจีบ ?? กั๊กอยู่ได้ พี่น้องอยู่ได้ 5555555555 (หยอก พอแล้วนะ ไม่เอานะ กลัว)",fear
"	[JELLY] Q.กลัวสามคนนั้นที่เข้ามาใน YG ก่อนพวกคุณกันไหม? กลัวใคร บีไอกับบ๊อบบี้ที่เป็นแร๊พเปอร์หรือพี่ใหญ่ของไอค่อนอ… https://t.co/7GvP3d7vQ9",fear
เซฮุน : เวลาที่ลำบากให้จับมือผมไว้แน่นๆ ไม่ต้องกลัวอะไร,fear
"	อย่าพูดเลยคำว่ารัก ฉันกลัวเธอหลอก",fear
"	@_Answerz กลัวตาร้อนหรอครับน้อง งั้นเรามาคุยกันประสาพี่น้องดีกว่า",fear
"	เหมือนเล่นเกมอะ พอมันเริ่มตายบ่อยเข้าก็จะรู้สึกปลง เล่นไปงั้นแหละ เผื่อฟลุคผ่าน กลัวจะรู้สึกกับความรักแบบนั้นซักวัน",fear
"	โป้มันแบบบ้านๆมากกกกอ่ะ น่าเอ็นดู ที่น่ากังวลคือ โป้ขึ้นมาไวและไม่มีภูมิคุ้มกันเรื่องรับมือกับซื่อเสียงเงินทองที่ไ… https://t.co/ZdJ1PzPG2k",fear
"งานวิจัยล่าสุดทำให้เราปฏิบัติตัวกับเด็กพิเศษได… https://t.co/QHHwNxTaGd""",fear
"	@Pickk_Packk ไม่ใช่ไม่ชอบเพราะกูก็ใช้บ่อย แต่มันน่ากลัว ฮือน่ากัววว",fear
"	สั่งการบ้านเหมือนกลัวกูว่างอ่ะ",fear
"	แกว่าอัลบั้ม #WINGS จะมีสเปเชี่ยลอัลบั้มป่ะวะ ตอนนี้มี 4 เวอร์แล้ว W I N G เหลือ S ว่ะ มีสัญลักษณ์ที่2 ด้วย เริ่มก… https://t.co/Cd4WEMVNlV",fear
"	กลัวแล้ว https://t.co/b9SBL4igot",fear
"	ค่อยเบาใจหน่อย นี่ห่วงเรื่องการเงินนยัม กลัวลูกไม่มีเงินใช้ ฮื่อออ แบบนี้ก็ได้เรื่อยๆก็ยังดี",fear
"	บางคนก็อยากอยู่ในความสัมพันธ์เพราะแค่กลัวเหงา",fear
"	กูจะไม่จีบใครแล้วกลัวทำเขานกแล้วโดนแหก",fear
"	ทำไมหรอยถึงได้หัวร้อนขนาดนั้นคะ แตะห้องน้ำซะพังยับ แล้วจาแข้งหรอยเป็นอะไรหรือเปล่า ห่วงหรอย กลัวหรอยเจ็บอีก นี่พักไ… https://t.co/9bQXOgH892",fear
"	@imgxdoyoung เสียงต่ำก็กลัวน้องจะมาหลงพี่",fear
"	""กลัวจะเสียเธอไป """" ทุกวัน """"""",fear
"	The Shallows (A-) เป็นหนังฉลามที่สนุก น่ากลัว และโหดสะใจมาก ไม่ค่อยได้เห็นอะไรแบบนี้นับตั้งแต่ Jaws หรือ Deep Blue… https://t.co/Rfb7aAJOAD",fear
"	นั่งดู body of proof S.3 ep.3 เออ นักวิทยาศาสตร์ก็กลัวเรื่องเหนือธรรมชาติเหมือนกัน",fear
"	กลัวหมดทุกอย่างอะตอนนี้ กลัวทุกอย่างที่เกี่ยวกับคอน ????????",fear
"	มากกว่ามะ จากหน้า เป็นกูก็กลัว กูไปกอดเขา เขากผ้ต้องกลัวหน้านี่เหมือนกัน",fear
"	5 เรื่อง The Shock ที่น่ากลัวที่สุดของเดือนพฤศจิกายน (ใครชอบฟังก็ฟังได้ ส่วนใครชอบอ่านก็ม... https://t.co/HsZpMGecIG",fear
"	@heyjennydae กลัวมึงคิดถึงงง",fear
"	""อะไรน่ากลัวกว่ากัน",fear
"	""แจกโปสเตอร์MOBBเนื่องจากวันเกิดเมนนนสุดฮอตงับ  สุ่มจากรีอย่างเดียวเน้อ",fear
"ประกาศผลวันที่20 /กลัวนกไม่มีคนให้แจกอ่ะ5555… https://t.co/XMNMz1vWjc""",fear
"	กลัวการใช้สามล้อในรายการเพลง5555555555 แต่จิงๆควรกลัวตั้งแต่รถจักรยานที่หน้าตาเหมือนฮาเล่ย์ของแทยังในคอนเสิตและ คนอ… https://t.co/q0ROMICxnz",fear
"	""LUHAN : ใครจะจับมือผมเมื่อผมร่วงหล่น เป็นคุณ?",fear
"SEHUN : เวลาที่ลำบากให้จับมือผมไว้แน่นๆ ไม่ต้องกลัวอะไร https://t.co/Nw6I5VWBW0""",fear
"	กลัวใจเศรษฐศาสตร์บทสองsus2",fear
"	เมื่อไหร่พ่อกับแม่จะกลับบ้าน นี่ปวดขี้แต่ไม่มีคนเฝ้าหน้าร้านจะแว้บไปก็กลัวมีคนมาเรียกซื้อของ ฮรืออออ~",fear
"	@HimiSaGi @toonjaru ดีนะไม่บอกโคนันประจำมู ผมนี่ขนลุกเลยกลัวมีคนตาย 55555555",fear
"	ตอนแรกก็ว่าจะไม่อ่าน แต่ก็กลัวตก 55555555555 https://t.co/oJvgBKKCaj",fear
"	นับวันคู่แข่งยิ่งน่ากลัว ไม่ว่าจะเป็นเด็กเซาะกราวหรือนักบอลทีมชาติ #BLACKPINK",fear
"	เพราะคำว่ารักคำเดียว เปลี่ยนก็อบลินอำนาจล้นฟ้า กับยมฑูตที่ทุกคนพากันหวาดกลัว ให้กลายเป็นแค่ 2 ชายแก่ที่เด๋อด๋า ล้าห… https://t.co/NaRdRNT1D6",fear
"	""สายตามีความเอ็นดู โหดแค่ไหนก็ไม่น่ากลัวอีกต่อไป หวายยยยยย เค้าจูบกันค่ะแม่",fear
"#SotusTheSeries https://t.co/6lBYIbyvDM""",fear
"	@nsluverrone_ กูเพิ่งรับรู้ว่ามึงเป็นโรคเควทชั่นมาร์กโฟเบีย มันน่ากลัวตรงไหนวะ5555555555",fear
"	นั่งอ่านซองในกล่องหมดละ...80%คิดว่าพี่เป็นคนตอบชาน 555 พี่ขอโทษที่ทำให้นก แต่พี่ตอบฮุนนะน้องนะ แต่ตอนเฉลยนี่แทบกลัวรองเท้ารอยมา #มีตพระเอก",fear
"	อยากเข้าคอลนะ แต่เคี้ยวข้าวอยู่ กลัวอร่อยกันทั้งคอล",fear
"	เขินตอนที่พวฮเข้าไปถ่ายมินมุงใกล้ๆอ่ะ แล้วตอนที่มินมุงช้อนตามองขึ้นมามองแล้วยิ้มหวานคือแบบกลัวใจพวฮจริงๆค่ะ กลัวจะ… https://t.co/wMuVYbRsw4",fear
"	กลัวโว้ย",fear
"	คริสยอลคู่ผี เสื้อคู่หรือผลัดกันใส่ เอาดีๆ กลัว //พนมแรง #krisyeol https://t.co/vKV85x3hpx",fear
"	คิดๆแล้วก็เส้าใจโคตรอึดอัดโคตรน่าเบื่อโคตรไม่อยากไปโคตรอยากเอาระเบิดไปปาค่ายที่น่ากลัวที่สุดในสามโลกรำแคนนนนน",fear
"	เซเว่นเเถวบ้านเป็นไรชอบเปิดเดอะช็อคช่วงตีสามตีสี่ ละเปิดดังด้วย นี่ต้องรีบซื้อของเเดกรีบออก กลัวโว้ย",fear
"	@Ori_realzt ใช่เหมือนมันจะกลัว ไม่ยอมให้จับเลย ยกเว้นมีของกิน!",fear
"	กลัวใจตัวเองว่ะ",fear
"	ไม่ไหวละ อยากรีของยืมเมจ แต่กลัวใจคนฟอล",fear
"	@zomzunday @moonlight531 @Rulekitty2224 ไงละพวกมึงเริ่มกลัววกูวววแลัวซิหึหึ??55555555555555555555555555555",fear
"	ความใส่ใจของอาทิตย์ที่มีต่อน้อง แกะซองตะเกียบให้ ให้ลูกชิ้นก็สะบัดน้ำต้มยำตัวเองออกเพราะกลัวน้องเผ็ด น่ารักมากอะ ใ… https://t.co/CPsvMoU6so",fear
"	กลัวจะไม่พอ555555555555555 https://t.co/qHgZ5ZnoYP",fear
"	""ขู่งี้มิ๊กลัวจังเยย น่ากลัวจริงๆ",fear
"	สิงเค้าขอโทษที่ไปหาไม่ได้ เพราะกลัวตกรถอยากไปหาใจจะขาด คิดถึงเป็นที่สุดรักมากมาย???? #ขอโทษ #SingtoPrachaya… https://t.co/xXRrKUZCym",fear
"	ค.รู้สึกนอบน้อมต่อคุณพระธรรม=ค.เข้าใจในทางโลกกับทางธรรมถ้าผิดเพี้ยนจะเป็นอันตรายต่อจิตใจตนเองอย่างมากเลย โลกทุกวันนี้น่ากลัวนัก????เตือนตัวเอง",fear
"	คือ พรุ่งนี้กลัวทหารตำรวจจะใช้กำลังกับคนประท้วงมาก ประเทศนี้ระบบยุติธรรมยิ่งง่อยเปลี้ย คนก่อคดีอย่างทหารตำรวจยิ่งไม่รับผิดชอบอยู่",fear
"	กลัววววว 555555555555",fear
"	@PChanyeolboth บางทีการที่คนทั่วไปสามารถเข้าไปแฮกระบบงานราชการได้ มันก็น่ากลัวไม่ต่างกันไม่ใช่หรอ",fear
"	เมื่อวานพี่คชาใส่ใจสุดๆ คือนั่งหันไปฝั่งขวา ซักพักก็พยายามเอี้ยวตัวมาฝั่งซ้ายบอกกลัวไม่ทั่วถึงแฟนๆฝั่งนี้ ทั้งๆที่… https://t.co/9uqXUayzF8",fear
"	@Bamx2_1out ไม่กลัวเลยเหรอครับ ผมเสียใจแล้วนะ..",fear
"	คลิปมาละชักละกันไหญ่เกินกลัวหีฉีก https://t.co/frIbRrsRfp",fear
"ไม่น่ากลัวเลยนะสิง ????????#SotusTheSeries #SingtoPrachaya https://t.co/2iW3cbPqNJ""",fear
"	เมื่อพ่อกลัวแดด... โอ๊ยยจำเป็นต้องขนาดนี้มั้ยเนี่ย ???? #พ่อกูเป็นคนตลก https://t.co/UDjsIFmekf",fear
