text,EMO
"โดนโกรธหนักแน่ๆ ออฟนานไปขนาดนี้ 555555555555555555555555544	",anger
"นี่ควรรู้สึกไงอะ ให้เพื่อนยืมเงินไป แต่เพื่อนที่ยืมดันมาโกรธเพราะนี่ทวง เอ้า นั่นเงินกุป่ะเนี่ยงง	",anger
"บางทีก็นึกโกรธในใจนิดนึง ที่สถานที่ราชการเลิกงานไว จนเอกชนอย่างเราทำอะไรไม่ค่อยทัน	",anger
"ผู้หญิงสามารถโกรธย้อนหลังได้แบบจริงจัง
ถึงมันจะเป็นแค่puppylove ช่วงประถม	",anger
"โอ้ยยยยยยยย ตายห่าแหล่ววววววววววววง อกอีแป้นจะแตกกกกกก อีห่าาาาาาาาา สมควรที่จะโดนผัวโกรธและกูคิดว่านี่คือสาเหตุที่นางบลัฟเว่ยใส่กัน 5555555	",anger
"ถ้าเอาให้สะใจคือต้องตบให้เลือดสาด แล้วเอาเลือดมันมาล้างหน้าสังเวย นี่หมายถึงยุงค่ะ โกรธมาก	",anger
"@iconnnz ทะเลาะที ก่ด่าผัวให้ฟัง พอเราเสริมทัพ อิดก โกรธเราที่ว่าให้ผัวมันอีก งงในงง ฮือออออ	",anger
"แค่โกรธเฉยๆไม่ได้แปลว่าโกรธแล้วเราจะไม่รักกันนิ	",anger
"@LOUIS94JX_ จารต่อ นี่เค้าโกรธกูที่ไม่ข้ามสะพานลอยหรอ55555	",anger
"นี่เคยทะเลาะกับเพื่อนเพราะมันใช้ให้ทำอะไรเล็กๆอย่างนึงให้แล้วนี่ตอบไปว่าทำเองสิ  แม่งโกรธเลย...ขอโทษแล้วง้อแล้ว นี่ https://t.co/dbsshUv5FY	",anger
"มันไม่ได้เเย่ขนาดนั้นหรอก อย่าไปแซวมันมาก ระวังมันโกรธนะ ????	",anger
"สะดุ้งตื่น เพราะฝันว่าตื่นสายไปไม่ทันซ้อมวันแรก ในฝันโวยวายใสพ่อแม่และน้องว่าทำไมไม่ปลุก ห่า ตื่นมา เอ้า กูฝัน ในฝันนี่กูโกรธเอาจริงจังมาก	",anger
"เป็นครูควรจะได้เรียนจิตวิทยามาแล้วป้ะวะ จะระเบิดอารมณ์โกรธกับใครก็ได้หรอ ไม่ดิ ดร.ป๊อปสอนมา 555+	",anger
"@fernnnfernnfern คืออยู่ๆเค้าไม่คุยเองล่ะโกรธ คืองง ตอนนี้ยังงงเลย โกรธไรว่ะ5555555	",anger
"ถ้านี่เป็นแฟนเวียดนามจะโกรธมาก เมมเบอร์ไม่สามารถมาร่วมงานได้ แต่ไม่มีประกาศออฟฟิเชียล ต้องรู้จากเว็บข่าวบ้านตัวเอง	",anger
"@fernnnfernnfern เพื่อนคนหนึ่งโกรธเราแล้วเพื่อนทุกคนในกลุ่มก้ไม่คุยกับเราเลยงงมากจนตอนนี้ก้ไม่ได้คุยกันมาเป็นเดือนล่ะ	",anger
"@fernnnfernnfern โอน้อยออกแพ้จนต้องเป็นหัวหน้าหมู่เนตรนารี ร้องไห้โกรธเพื่อนเอามาตั้งสเตตัสmsn เป็นหัวหน้าหมู่มันดูเนิร์ดไม่อยากเป็น	",anger
"อย่าทำลายความสัมพันธ์ ด้วยอารมณ์โกรธเพียงชั่วครู่	",anger
"@fernnnfernnfern คิดถึงเพื่อนตอนดึกๆ โทรไป 76 มิสคอล มันเอาไปบอกคนอื่นว่าทำตัวเหมือนเมีย ตอนนั้นโกรธมาก เลยพยายามเลิกคบกับมันไปเลย..	",anger
"นิทานเรื่องนี้สอนให้รู้ว่า เมื่อมีความหวัง แล้วถูกพังลงจากคนที่ให้ความหวังเรา ความโกรธ ความเศร้า ความผิดหวัง มันก็ครอบงำ  มันก็เป็นแบบนี้แล	",anger
"@fernnnfernnfern ตอนประถมเคยโกรธเพื่อนจนร้องไห้เพราะเล่นลิงชิงบอลกันแล้วเพื่อนให้เราเป็นลิงโดยไม่ยอมโอน้อยออก	",anger
"ไม่ลืมนะ! แต่ว่าเค้าทำไม่ทันจริงๆนะ )-; คุณกาวไม่โกรธเค้านะ ยังไงก็ตามขอให้คุณกาวมีความสุขสมหวังในทุกอย่างนะ รัก! ?? https://t.co/AKAAdm4tEq	",anger
"นี่ถ้าอิฝ้ายได้แต่งงานชีวิตมีความสุขกับแฟนใหม่นะช้านจะโกรธคนเขียนบทมากเลย #เสือชะนีเก้ง	",anger
"เคยโกรธครู ที่บอกให้ร้องเพลงชาติดังๆ 
เคยโกรธครู ที่บอกให้ยืนนิ่งๆตอนเคารพธงชาติ
ตอนนี้เข้าใจทั้งหมดแล้ว ????????????
#LongLiveTheKing	",anger
"แก่โกรธว่าพ่อแกมีเมียน้อย เดินมาด่าตาฉัน ตาฉันเป็นพี่ของคนมีเมียน้อย ฉันเตือนว่าอย่าด่านะ แกไม่ฟัง พอไม่ถึงเดือน รถคว่ำตายย นี่เรื่องจริง	",anger
"@Famous_799 เฮ้ยยไม่เปนไรๆเราไม่ได้โกรธอะไรเลย	",anger
"สายตาแทฮยองคือ Kill มาก ชอบมาก เป็นคนที่เราอยากเห็นสายตาเกรี้ยวกราดบ่อยๆอะ ฮือ โกรธชั้น ลงทัณฑ์ชั้น เกรี้ยวกราดใส่ https://t.co/qQfSIy8Nwq	",anger
"@fernnnfernnfern เคยทะเลาะกับเพื่อนตอนม.3  เพราะเพื่อนซ่อนที่ชาร์จแบตโทรศัพท์ โกรธมาก งอนมาก ไม่คุยกัน6เดือน 17วัน ปญอ มากตอนนั้น55555555	",anger
"@fernnnfernnfern เคยทะเลาะกับผเพราะนางซื้อหมูปิ้งมาให้ นี่ทำงานยังไม่เสร็จเลยเหวี่ยงๆหน่อยว่าใช่เวลากินป้ะ นางโกรธ เกือบเลิก อีเหี้ย หมูปิ้ง	",anger
"@pepijinjin เป็นเหมือนกันเลยค่ะ พอทวงก็โกรธเรา	",anger
"โกรธมากไม่อยากรักคุณแล้วแต่ทำไม่ได้	",anger
"อยากดูนิสัยที่แท้จริงของใคร ให้สังเกตได้ 3 เวลา - หิว โกรธ และ ในตอนที่เสียผลประโยชน์ ...	",anger
"โกรธนะ แต่ด่าไม่ลง เกลียดไม่ลง เหมือนจมอยู่ในความทรงจำตัวเอง มองแชทเก่าๆ	",anger
"โกรธไรกันยังไม่รู้เลย555555555555	",anger
"บางทีแม่งโกรธเพื่อนแบบจะเป็นจะตาย แต่หายโกรธแบบทุเรศๆ ล่าสุดโกรธเพื่อนมา2อาทิตย์ จู่ๆนางชวนกินเนื้อย่างละนี่เห็นแก่กินก็ตกลงไปแบบไม่คิดไร	",anger
"โกรธมันอ่ะมันหลอกกู5555555555555555555 https://t.co/VTr7vfsPmD	",anger
"กูไม่เคยโกรธมึงเรยเว้ยยแต่กูโกรธตัวเองมากกว่า	",anger
"เคยวางชีทบนโต๊ะที่โรงอาหาร นี่รอเพื่อนวางก่อนแล้ววางของตัวเองทับไว้ข้างบน มันโกรธหาว่าเราไม่อยากให้ชีทตัวเองเปื้อน https://t.co/BXDoAlm3M9	",anger
"โกรธจนตัวสั่นน้ำตาไหลเลยอะ ทั้งที่พยายามเลิกเป็นคนขี้วีนแล้ว แต่ก็ยังมีคนทำให้โมโหไม่หยุด	",anger
"ไม่เคยโดนด่าแล้วหน้าร้อนขนาดนี้มาก่อน ทั้งจะร้องไห้ทั้งโกรธทั้งโมโห ปนกันไปหมด สัส	",anger
"โกรธเค้าเสมอ เกลียดเธอที่ทิ้ง .. แค้นทุกสิ่งที่เป็นวันนี้	",anger
"ลัคนัยปลอมตัวเป็นจารบุรุษไปเจอพิมลภัสในวัง แมงเม่าโกรธที่รเมศจะมาแย่งสมบัติ เลยไปปรึกษาเหมือนชนกแต่เธอถูกออกพระศรีลงโทษอยู่ที่ รร ?? #สับสน	",anger
"คือตอนนี้ในหัวมีแต่แทฮยองในฟิคไซโคพาส มองอะไรก็แบบอินฟิคไปหมดอ่ะ อย่างเช่น รูปนี้ตอนแทฮยองโกรธ ตอนแทฮยองใส่ฮู้ด T - https://t.co/46kmDGypFB	",anger
"ด่ากูไง นี่ก็โกรธขับรถกลับบ้าน กลับมาอีกทีคือรู้ตัวว่านี่โกรธเลยไม่พูดมาก ไม่เรื่องมาก เออก็ดี	",anger
"@CHIT096X ใช่ไหมล่ะน้องสิบ พี่ก็เป็นแบบนี้ ไม่ค่อยโกรธใครได้นาน หน้าตาดีแล้วยังจิตใจดีอีก เฮ้อ	",anger
"มีคนบอกว่า การยิ้มในวันที่เศร้านั้นยากแล้ว การต้องระงับความโกรธ ทั้งที่ไม่ได้อยากโกรธนั้นยากกว่า	",anger
"คงมีแต่ความสัมพันธ์แบบเพื่อนสนิทเท่านั้นล่ะ ที่ไม่ว่าเราจะดองแชทมันนานเป็นชาติขนาดไหนมันก็ไม่โกรธกลับมาคุยกันก็ปกติแค่ให้รู้ว่ายังไม่ตายก็พอ	",anger
"ดูอารยาจนถึงตอนที่พี่แกพูดประโยคนี้ ""จริงๆไม่ควรโกรธเพื่อนเว้ย ที่เพื่อนเตือนอ่ะ"" ชะงัก กูนี่ชะงักกึกเลย 5555555555555555 #เอกเบส	",anger
"ล่าสุดชอบอันนี้ ชอบที่ความเศร้าเป็นการเทน้ำท่วมๆ ชอบที่ความโกรธเป็นวงๆยุ่งเหยิงสีแดง ชอบที่ความสุขเป็นดาววิ้งๆ https://t.co/NmF4dQsWxW	",anger
"@iampleng ตรงนั้นเข้าใจค่ะ แต่ก็ไม่น่าไปด่าเค้าสาดเสียเทเสีย ผญเราไม่ได้อยู่ๆโกรธแล้วจะลุกขึ้นมาฆ่าคนได้เลย เห็นคนด่ากันแรงมากเลย ;-;	",anger
"เพื่อนปวดขี้ให้เราพาไป เพื่อนอีกคนถามไปไหน เราบอกว่าพามันไปขี้ / นางโกรธ นางอาย ที่ทุกคนรู้ว่านางปวดขี้ https://t.co/AQrCWYKhWw	",anger
"บางคนบอกว่าเรื่องแค่นี้เองที่มึงทะเลาะกัน จริงๆคนเราก็ชอบโกรธกันเพราะเรื่องแค่นี้ เรื่องแค่นี้ทีไรทะเลาะกันตลอดดดดด	",anger
"""ถอยไปนะ ไม่งั้นเลาจะโกรธแล้วนะ!"" 
""จะ..ใจเย็นคับพี่ลู่.....ชิบหายรู้ตัวแล้วหรอวะว่าโดรเราแต๊ะอั๋ง"" https://t.co/rjJlxbeybS	",anger
"@taioddntw กูเคยอยู่ในคลินิคหมอฟันละคนเยอะสัสๆ ละไม่ได้ปิดเสียงโคตรผีอิดอก กูโคตรโกรธ	",anger
"กูโกรธแทนเลยสัส #ฟลุ๊คกะล่อน https://t.co/gtFlMnF6RY	",anger
"อีกอันคือนี่ไม่ชอบในเพื่อนพิมพ์ว่า'เออ'เวลาตอบแชท มันดูห้วนๆ ละเพื่อนสนิทมันพิมพ์มา รุ่งเช้านางก็ง้อ นี่ก็เล่นตัว สรุปโกรธกันเทอมนึง	",anger
"มึงจะรู้มั้ยว่ากูโกรธ	",anger
"ตอนลงรูปนี้ในไอจี ไม่เคยบอกว่าลู่หานโกรธเรื่องอะไร คอมเม้นนี้มีความฟินและรู้ใจตามพี่5555 https://t.co/69Gk0TEU0M	",anger
"โกรธจริงๆนะ #รก	",anger
"พอโกรธมากๆแล้วเสียงชอบสั่น น้ำตามันจะรื้นขึ้นมาทันที ไม่อยากเป็นแบบนี้นะ #รก	",anger
"@Bannoza อิสัสส โกรธมากๆ	",anger
"เจ้าของเขาโกรธมาก https://t.co/c6pdkSu5ao	",anger
"ตอนประถมเห็นกระเป๋าเป้ของเพื่อนด้ายมันลุ่ยออกมาเลยหยิบกรรไกรมาตัดให้ สรุปเพื่อนโกรธมากเพราะไปตัดด้ายที่แม่มันเย็บไว้ https://t.co/wCiM90Ahxc	",anger
"จะโกรธแม่แล้ว ทำไมต้องยืมเงิน อยากได้อะไรก็ไม่ได้เนี่ย จะเก็บเงินอีกก็เก็บไม่ได้ หงุดหงิด	",anger
"นั่นไง บอกโกรธเจอรี่ได้แปปเดียวก็ไปอวยใส่พี่ซะงั้น ฮือ??????????	",anger
"เกอไม่ได้โพสคลิปบ่อยเลยขอโทษละบอกว่าอย่าโกรธนะ ...ยิ้มหวานตบท้ายแบบนี้ใครจะโกรธลงเล่าาา https://t.co/zwTQjEnkfk	",anger
"@seraphim8698 ใจนึงเราก็เสียดายแทนจองแจ แต่อีกใจก็อยากตีพิจอนเหลือเกิน จิตใจ ข่นบล้า ข่นฉวยโอกาส น้องยังไม่หายโกรธ สอบด้วย ฮรึก ;-;	",anger
"ตอนนั้นต้องแจกใบประชุมผู้ปกครองหน้าห้องแล้วอ่านชื่อเพื่อนไม่ออก ครูเขียนไม่ชัดเลยเรียกชื่อแม่มันแทน โกรธกันหลายปี https://t.co/IPRhegdy1a	",anger
"@foxgjiyeonx ใช่ครับผมจะโกรธมากๆ เลยนะถ้าพี่บอสไปกอดไปรักใครที่ไม่ใช่ผม?? ไม่ยิงหรอกครับเห็นผมเป็นคนยังไงเนี่ย5555555555??	",anger
"เจ็บแค้นเคืองโกรธโทษชั้นไย กิทำอะไรให้โฮปเคืองขุ่นนนนนน
โครตเป็นคู่ฮาร์ดคอ 555555555555555555555
#hopega https://t.co/97cGH5foJg	",anger
"กลับมาอ่านประโยคนี้แล้วโกรธมาก อยากจะข่วนหน้าคจวที่สุด #คิมข้างห้อง https://t.co/OBxsJrOAUQ	",anger
"โหลดกระเป๋า กระเป๋าแตกยังโกรธ นี่ทำหมาเราหลุดไปทั้งตัวไม่น่าโกรธกว่าเหรอ การรับมือปัญหาโหดร้ายแต่เข้าใจได้ แต่ไอ้ระบบสายการบินนี่ยังไง	",anger
"คราวหลังคงไม่ให้ยืมแล้วอ่ะ จะโกรธก็โกรธ ถ้าคืนตรงเวลานี่จะไม่อะไรเลย	",anger
"กูโกรธ	",anger
"ใครทักฉันตอนฉันกำลังเล่นคุ้กกี้รันนี่โคตรโกรธอะ ส่วนใครโทรมาตอนฉันเล่นเกมเศรษฐีนี่ก็โกรธเช่นกัน	",anger
"การให้อภัย ไม่ใช่เป็นการให้โอกาสผู้อื่นแต่เป็นการให้โอกาสตัวเราเอง เพื่อที่จะได้ไม่ต้องทุกข์ใจ เพราะถูกไฟแห่งความโกรธเผา #หลวงพ่อจรัญ #ธรรมะ	",anger
"ต้องโกรธแค้นกันมากมายขนาดไหนหรือสมบัติบังตา ถึงกับสั่งฆ่าคนที่ตัวเองเคยรักได้นี่ไม่ธรรมดา #เธอเลือดเย็นมาก #หมอนิ่ม	",anger
"@barbietuan หนูโกรธ ตีห้าคือกำลังจะนอนแล้ว ง่วง ควรได้นอน แต่ต้องมาตอบคำถามคนที่มาออกตัวแทนนางซะงั้น55555555555555555	",anger
"โกรธก็โกรธ หงุดหงิดก็หงุดหงิดอีเหี้ย	",anger
"ผมโกรธมากถ้าใครทอดหมูกรอบไม่กรอบ	",anger
"@orapimy เพิ่งจะมาบาน!! โกรธ!!! ล้องห้ายยย???? https://t.co/D2KcaLHn2B	",anger
"กูโกรธ 555555555 โกรธจริงๆนะเว้ย 55555555555	",anger
"โดนแย่งดินสอกดจากมือ แบบนางพูดเร็วๆว่ายืมแป้บงี้ ละฉึ่บบคว้าเลย โกรธงอนแรง55555 บ้าเนะ https://t.co/SJeASeKMSv	",anger
"แก่แค่ไหนก็เบื่อกูก่อนหมดเลย โกรธ	",anger
"โตจนอายุ20ละ อะไรพองอลหรือโกรธก็แยกแยะกันมั้ง	",anger
"พี่ให่ญกะแทกเด็กตัวเล็กบางๆแบบไม่ยั้งไม่รู้ว่าหีจะพัง หรือ ป่าว ไม่รู้ว่าเงียนมาจากไหนโกรธใครป่าว เลยมาลงที่หีผม https://t.co/Y2RUQ6iTPD	",anger
"จึงโกรธแม่ และน้อยใจ เคืองใจอย่างที่สุด	",anger
"แต่กูจะนอยด์ จะงอน จะโกรธ จะทำไม5555555	",anger
"ได้ปกชานแล้ว กำลังจะแลกการ์ดด้งกะชาน ฮี่ๆๆ ด้งอย่าโกรธเรานะ ???? https://t.co/vVEuiz7nuA	",anger
"เราโกรธ เพราะเขาพูดแย่ และจบ	",anger
"โกรธจนสั่นอะ คิดดูว่าโกรธมากมั้ย5555555	",anger
"ผนังทีวีได้แล้วนะจ๊ะ  แลกด้วยหลายอย่างทางความโกรธ  แต่เสร็จ	",anger
"เคยโกรธเพราะเพื่อนไปถ่ายชีทของอาจารย์กันแล้วไม่ชวนเรา ตอนนั้นแอบฟุบโต๊ะแล้วร้องไห้ว่า เออ ใช่สิ กูมันตัวคนเดียว .. https://t.co/kR4Qd51rAE	",anger
"สงสารเอย์จุนจริงๆ นะ ไม่ไหวแล้วอ่ะ ฮืออ เทระเซนเซย์คะ ถ้าจะอวยฟุรุยะขนาดนี้เปลี่ยนพระเอกเลยมั้ย คือโกรธแทนจนเหนื่อยแล้ว	",anger
"โกรธตารางสอบเทอมนี้ตั้งแต่จัดเลขยากกับฟิสิกส์ไว้ด้วยกันแล้ว ยังต้องมาพาลกับการอ่านหนังสือ6วิชาในวันเดียวอีก	",anger
"ไม่เคยโกรธเพื่อนเรื่องเพื่อนลืมวันเกิดเลย เพราะไม่เคยจำวันเกิดใครได้เหมือนกัน วันนี้วันที่เท่าไหร่กูยังไม่รู้เลย - * -	",anger
"เคยทะเลาะกันเพราะแย่งกันเป็นเซเลอร์มูนสีชมพูตอนม.5 ตอนนั้นโกรธกันมากไม่คุยกันเป็นอาทิตย์ https://t.co/iGEaN1qweo	",anger
"เบื่อตัวเองที่ให้อภัยคนง่ายเกิน บางทีโกรธมาก งอนมาก แต่พออีกฝ่ายบอกขอโทษคำเดียวคือใจอ่อนเลย กลายเป็นฝ่ายรู้สึกผิดที่ไปโกรธเค้า ไปอีก	",anger
"ถ้ามีเค้าแล้วเหงาเท่ากับโสด ให้เลือกโสด อย่างน้อยก็ไม่ต้องโกรธตัวเองที่เฝ้าคาดหวังจากคนที่หวังไม่ได้.
#clubfriday	",anger
"บอกเลย รำคาญเรนะ มีความเป็นผุ้หญิงแบบผู้หญิงมากๆ เค้าไม่บอกความจริงก็โกรธ อยู่ๆก็เมินคุมิโกะ หลบหน้าซะงั้น = =	",anger
"@ariesmu_bot ....ท่าทางแบบนั้นโกรธอยู่ชัดๆ	",anger
"@heywoozix บอกผิดทางนี่โกรธนะ 5555555555555555555	",anger
"ไม่โกรธเลยที่เธอมีคนใหม่ แต่ถ้าเผาบ้านเธอได้..ก็จะทำ???? 

#แคปชั่นเด็ด #แคปชั่นจังไร #คําคมในวงเหล้า
#คําคมนักเลง #คําคมโดนๆ #เกลียด #แฟนเก่า	",anger
"โกรธเอง เดี๋ยวหายเองได้ :)	",anger
"ทุกวันนี้มองหน้ายูตะ ก็ยังคงโกรธ sm ไม่หายเลยค่ะซิส ????????????	",anger
"ขอหยาบหน่อยนะ อีนักข่าวเวนนนนนนนนนนนนนนนนนนนนนนนนนนนนนนนนนนน โกรธจนอยากเขวี้ยงของใส่ ลูกเขาร้องไห้มึงยังห่วงจะเอาข่าวกัน ผีจริงๆ โคตรอีเวน	",anger
"อย่างอนผมเลยที่เวลาามเรื่องส่วนตัวแล้วผมไม่ตอบ เกิดวันนึงเราโกรธกันแล้วคุณหมั่นไส้ผมละเอาข้อมูลส่วนตัวผมมาแหกผมคงรำคาญแย่ ผมคือบอทชานยอลครับ	",anger
"พาออกมาข้างนอกยังไม่โกรธเท่ามาแล้วนั่งเฉยๆแบบไร้ประโยชน์ พอจะหยิบคอมมาทำงานก็ด่าอีก โอ๊ยแม่ไม่เข้าใจกุเล๊ยเชี่ยเอ๊ย หัวร้อนมากตอนนี้	",anger
"พูดความจริงทำรับไม่ได้ เตือนด้วยความหวังดีก็โดนโกรธใส่  เออดี อย่ามาโวยวายทีหลังละกัน	",anger
"@Sonya_Ag_Migi เข้าใจค่ะว่าระดับความโกรธมันต่างกัน แต่ถึงกับต้องวางแผนฆ่ายังไงก็เลวอยู่ดีอ่ะค่ะ	",anger
"เสีย เกลียด เจ็บ โกรธ แต่กูก็ยังรักมึง กูเกลียดตัวเอง https://t.co/FOUUtEFQTc	",anger
"โกรธแค้นอะไรขนาดนั้นอะ นี่งงมาก เราผิดหรอเราว่าเราอยู่เฉยๆ ยังไม่ได้ทำอะไรเลยนะ	",anger
"คนงานเปิดเพลงแข่งกู โกรธธธ	",anger
"สวดมนต์แผ่เมตตาให้อภัยสัตว์โลกที่ยังจมปลักมายาชีวิตมิติรักโลภโกรธหลงของโจรในเครื่องแบบ ไม่ละอายต่อบาปทรยศวิชาชีพด้วยการสร้างความเสื่อมถอยเอง	",anger
"ขายของให้ฮยองอีกแล้ว อีกนิดนี่โจนี่โกรธแล้วนะะะะะะะ ??? //อยากสิงโจนี่อัปป้าโป๊ะโป๊ะด้วยง่ะ ????#Mino #spngstagram https://t.co/LMAmez49zo	",anger
"น้องมีความทำคลิปวันเกิดให้ แต่รูปที่มันเอามาเป็นรูปส่วนตัวในคอม ไม่อยากให้ใครเห็น คือกูควรรู้สึกไงว่ะ ที่รู้ๆคือไม่ได้ดีใจเลย กูโกรธ!!!!!!	",anger
"หรือที่จริงแล้วมันไม่ควรโกรธ แต่กูโครตโกรธเลยว่ะ ทำไมเป็นเด็กแบบนี้ว่ะ ชอบยุ่งเรื่องส่วนตัวชิบหาบ เว้นช่องว่างให้กูบ้างเหอะ	",anger
"ไม่อยากให้เธอโกรธเราเลย??	",anger
"ไก่เวร แม่ง โกรธ	",anger
"เมื่อก่อนเคยโกรธเพื่อนเป็นปีๆอ่ะเพราะน้องเพื่อนมาเปิดกระโปรงแล้วเพื่อนไม่ช่วยเอาแต่หัวเราะ กูโกรธเป็นปีเลยค่ะ??	",anger
"ไม่เข้าใจเลยกับเรื่องแค่นี้ต้องมาโกรธ ทะเลาะกัน มันไม่ใช่เรื่องอ่ะะ โตแล้วคิดให้มากดิ่เห้ยยย	",anger
"นี่เวลาโกรธใครมักจะหิว เลยต้องอาสาแม่ขอเป็นคนตำน้ำพริกให้ เวลาตำก็คิดซะว่าหน้าเขาอยู่ในครกแล้วก็กระแทกสากตำลงไปหนักๆเลยค่ะ เอาให้แม่งหน้าแหก	",anger
"โกรธใจที่ไปรักแก โกรธใจเเกที่ไปรักใคร
#คําคมโดนใจ #คำคม #แคปชั่น #แคปชั่นเหงา #แคปชั่นคําคมโดนๆ #แคปชั่นโสด	",anger
"โกรธวะ	",anger
"อยากโกรธก็โกรธไปไม่ใช่ความผิดกูว่ะโทษที	",anger
"ถ้าเราโกรธจนถึงขนาดอยากฆ่าใคร เราก็คงฆ่า แต่ไม่ยอมให้แม่มารับผิดแทนตัวเองอ่ะ https://t.co/trPxac3DBP	",anger
"โกรธด้วยเนี้ย ไมเรื่องแย่ๆตัวเองทำได้แต่นี่ทำไม่ได้	",anger
"@osh_094 งื้ออ ห้ามโกหกนะไม่งั้นพี่บีโกรธจริงๆด้วย	",anger
"พ่อโกรธที่โทรมาทีไรก็บอกหิ้วของอยู่ เขาไม่ให้หิ้วแล้วให้ไปพักไม่ได้ไปทำงาน อ๋อ พ่อไม่รู้ว่าช่วงเวลาของลูกอยู่ที่เที่ยงคืนถึงหกโมงเช้า555555	",anger
"บางคนนี้พอโกรธกับแฟนชอบโพสว่า ""โสด"" นี้ถ้ามึงโกรธกับแม่ กูว่ามึงคงโพสว่า ""กำพร้า""	",anger
"เหมือนมึงโกรธกูอ่ะ 5555 https://t.co/GSvX7jtWtH	",anger
"ที่ผ่านมา อดทนได้ทุกอย่างนะ มองโลกในแง่ดี ไม่ถือโทษโกรธอะไร พยายามเข้าใจ แต่อีกฝ่าย นอกจากไม่รักษาน้ำใจ ยังเหยียบย่ำความรู้สึกซ้ำแล้วซ้ำอีก	",anger
"'คุณเจย์ไม่ต้องมาง้อเราหรอกนะ เราไม่หายโกรธ'
'ใครบอกมาง้อ'
'แล้วคุณเจย์มาทำไมอะ'
'มาพาเมียกลับบ้าน' *อุ้ม
'ไม่เอาเร https://t.co/3X2HoYymhQ	",anger
"@siblorjohnnyx @siblorrenjunx ฟลอย่าไปโกรธมันครับ เสียเวลา เอาดีๆคือเลิกคบเลยดีกว่า	",anger
"เคยทะเลาะกับเพื่อนเรื่องชื่อแบงค์วงแคลชหรือชื่อแคลชวงแบงค์ ตอนนั้นเรื่องใหญ่มาก ชอบพี่แบงค์มากและโกรธเพื่อนที่เรียก https://t.co/LO5EAqipyf	",anger
"#???_28??_????ผมยอมรับว่าตอนนั้นผมโกรธตัวเองมากเพราะว่าผมรู้สึกเหมือนว่าผมทำให้ทุกอย่างมันยุ่งยาก #9	",anger
"เหนไหมอะทุกคนล้วนมีเรื่องโกรธบ้าบอ	",anger
"ใช่มึงเป็นเพื่อนสนิทกู กูแคร์มึงทุกอย่าง แต่นิสัยของมึงกำลังทำลายความสัมพันธ์มึงกับกู
กูเหนื่อยที่ต้องตามง้อมึง กลัวมึงโกรธทุกอย่าง	",anger
"@Zander_OC (เดินตามอีกฝ่ายไปเงียบๆก่อนจะตัดสินใจถาม) โกรธผมงั้นเหรอ?	",anger
"บางทีก็โกรธมอตัวที่ทำอะไรช้า เปิดช้า เรียนช้า สอบช้า ปิดช้า	",anger
"แมร่ง! Goo โคตร โกรธ เกลียดพวกที่ชอบเบื่อยาสุนัขฉิบหาย
# มึงเกิดเปนเดรัจฉาน อสุรกายเถอะ
อย่าเปนแม้กระทั่งคนเลย	",anger
"ห้วร้อนนมากกกก คิ้วอะไรของมึงเนี่ยยย โกรธจนหยาบละนะ ??	",anger
"อีเด็กหน้าหี โกรธมาก เจ็บเล็บชิบหาย มึงเหยียบนิ้วที่ไปผ่าเล็บขบมาเต็มตีน นั่งปวดอยู่เนี่ย อิชิบหาย ปวดเหมือนขาจะหักอะ ควยยยยยยยยยยยยยยยยยยยย	",anger
"ไม่มีให้เลยกูยังไม่โกรธเท่านี้เลย เอาจริงๆ พ๊อออออมึงงงงต๊ายยยยย

#กูจะไม่ยอมเห็นรูปนี้คนเดียว #แบบนี้ก็ได้หรอ https://t.co/CNzR4qYbvO	",anger
"เพิ่งแน่ใจว่าจินยองไม่ใช่แมวแต่เป็นเสือก็วันนี้ล่ะ!! ไม่ใช่แค่น้ำเสียงนะ สายตานี่เปลี่ยนไปเลยอ่ะ โกรธไรจั๋นนิ่????? https://t.co/vTTOY43pZv	",anger
"@qvxes_ เพื่อนมึงเป็นไรนักหรอ พูดแต่งอลๆโกรธๆ เชี่ยไรนัก คุยชวนอะไรก็พูดแต่ งอลๆโกรธๆ กูถามแค่คิดถึง ตอบดีๆไม่ได้ไง อยากงอล อยากโกรธ ใช่ไม๊	",anger
"กับเพื่อนบางคนพอกูนั่งเงียบๆก็เสือกนึกว่ากูโกรธบ้าง ทำไมไม่คุยบ้าง เห้อออ เหมือนมึงนั่งเงียบๆไม่ได้ ต้องคุยกับกูตลอดเวลา	",anger
"@taetae_nant =_= โกรธพนงมาก ฮือ	",anger
"กูใจเย็นพอที่จะคิดได้ว่าอะไรควรพูด ไม่ควรพูด คำบางคำกูพูดเล่นๆ แค่พูดถึงสิวมึง มึงก็ตะโกนใส่หน้ากูละ ทำไม โกรธแค่เรื่องเหี้ยนี่กูก็...	",anger
"ทำไมมึงถึงต้องโมโรร้ายด้วยอ่ะ
ทุกครั้งที่มึงโกรธกู มึงไม่เคยสนใจความรู้สึกกูเลย ใช้คำรุนแรงใส่กู  แต่กูก็รักมึง	",anger
"@marvel19xx นี่ก็ออกมาเพราะรอให้อีฟางมันเลิกโกรธกูเหมือนกัน	",anger
"เจ๊มงขังตัวเองในห้อง เอาแต่ร้องไห้ หลังจากที่รู้ว่าโดนบีบให้ออกจาก #runningman โกรธมากอ่ะ ขอให้ กงฮวีชอลโดนเด้ง #firegongheechul	",anger
"@PGNzzgp เลิกโกรธแล้วค่ะ มีแต่เกลียด	",anger
"กูก็แย่เนาะแปปเดียวโกรธแปปเดียวงอน	",anger
"สะเทือนใจมากเลยอะ เอาตังค์ไปแล้วเอาเป๋ามาคืนกูได้มะ จะไม่โกรธ กูขอบัตรคอนบัตรมีทคืน เอทีเอ็มด้วยทำใหม่มันแพงนะเว้ย(?_?)(?_?)	",anger
"ตลกรีล่า5555555 โกรธแทนด้วยคน	",anger
"กูก็มีความรู้สึกนะเว้ยแต่สำหรับมึง ที่ไม่โกรธแม้ว่าจะทำอะไรผิด เพราะกูอยากไช้เวลารักกันให้นานที่สุด ไม่อยากเสียเวลามาโกรธกัน ถึงแม้สุดท้าย..	",anger
"นิยายพี่โอ๋สิ่งที่ทำยากที่สุดเวลาอ่านคือ...โกรธพระเอกเกินสองตอน 555555 ยิ่งอ่านยิ่งอยากกอดเล่ม &gt;_&lt; #LoveandLie https://t.co/eqHeNMs0aY	",anger
"โดนพี่โกรธเพราะไปบอกแม่ว่าพี่สั่งยาลดความอ้วนในเน็ต ไม่รู้ว่าคุณภาพไหม ก็รักอ่ะ กลัวพี่กินแล้วใจวายตาย แล้วนางก็ไม่ยอมคุยด้วย ...อมก งงเลย	",anger
"พรุ่งนี้ป๊าชวนไปเพชรบูรณ์ แล้วไง สอบคอมค่าาา ไม่ไหวแล้ว จะร้อง บุญมีแต่กรรมบังมากกก รัตนา เธอมันคนบาป ชั้นจะสาปแช่งเธออออ โกรธมากกกก โอยยยยย	",anger
"ที่โกรธคือเรารู้ว่าไปทำไร แต่กลับโกหกพ่อแม่ ว่าทำงาน เลยกลัวตัวเองจะเป็นแบบนั้น	",anger
"โกรธมาก เซ็งมาก อึดอัดชิบหาย	",anger
"เพราะเพื่อนเหยียบหอยทากตาย(โดยไม่ตั้งใจ) นี่ก็โวยวาย สงสารหอย สุดท้ายต่างฝ่ายต่างร้องไห้ โกรธกันเป็นฟืนไฟ https://t.co/9TGC0qL7ba	",anger
"ที่ด่านี่เห็นเพื่อนด่าแล้วมึงไม่โกรธกูเลยพูด	",anger
"โกรธเพื่อนที่ไม่ไปโรงอาหารพร้อมกัน ตกเย็นนางโทรเข้าโทรศัพท์บ้านแต่เราไม่รับเพราะใช้ต่อเนตอยู่ วันรุ่งขึ้นนางเขียนเ https://t.co/i57B4OPbl2	",anger
"@hanbingavynx เราโกรธเธออยู่ มากๆ เธอทำร้ายจิตใจเราเกินจะเยียวยา	",anger
"จะบอกว่าขำๆแต่การที่ว่าความชอบคนอื่นว่าไร้สาระเนี่ย.. มันน่าโกรธนะ	",anger
"โกรธกันแล้วในใจของเธอมีความสุขไหม,,,??????? 
@peakpeemapol 
@BoomKrittapak 
#peakpeemapol 
#BoomKrittapak 
#ทีมบูมพีค https://t.co/bGFh3h5tXX	",anger
"กูโกรธไรขนาดนั้น555555555 https://t.co/bY1aF53f0D	",anger
"งอนจนร้องไห้ เวลาแม่งง้อก็โคตรน่ารักเลย หายโกรธแล้วๆ.  ไม่เอาไม่ร้อง 
โอยย.  น่ารักกก????????????????

#จุบๆ	",anger
"พึงชนะคนโกรธ ด้วยความไม่โกรธ	",anger
"@NarawitchayaJB โกรธนะแต่ก็ต้องเก็บไว้ เพราะทำอะไรไม่ได้แล้ว	",anger
"โกรธตัวเองทุกครั้งที่นึกถึงวันนั้น	",anger
"โกรธที่เมื่อคืนผดสเยอะ ทำให้สั่งซื้ออัลบัมพร้อมลายเซ็นและของที่ระลึกไม่ทัน อีหอยหลอด ถ้าซื้อแยกมันแพงไง หุ้วว เซง!	",anger
"อ่านตอน 3 ครึ่งแรกโกรธตาพี่มาก ขั้นเกลียดดดด เชียร์ป๋าให้จัดหนักๆ พอมาครึ่งหลัง...ร้องไห้น้ำตาแตกเลยค่ะ?? #น้องเต่าของชานยอล	",anger
"คนเรามันมีอารมณ์โกรธกันทุกคนแหละ แต่จะไปลงที่คนอื่นมันก็ไม่ใช่เรื่อง.	",anger
"สมองกลวงหรอ เมายา? อายหมาไหม เอาแต่นิสัยตัวเองเป็นที่ตั้งไม่ได้ดั่งใจอะไรโกรธ ทุกคนผิดมึงถูกเสมอ ด้านได้อายอด นับถือจริงๆคนแมน	",anger
"@pimbua ดีเอ็มมะ กูอยากรู้ พวกมึงดูโกรธเกรี้ยวสึส	",anger
"@kimthanya94 โอ๋ๆ /เช็ดน้ำตาให้/ เดี๋ยวมาโกรธตาพี่กันต่อนะคะ พาร์ทพี่เขายาวมากๆ ฮืออออ ขอบคุณที่ติดตามอ่านนะคะ /กราบ/	",anger
"ใครจะใส่ร้ายป้ายสี ก็ให้นึกว่าเขาจะต้องตาย
เราคือกายกับจิตก็ต้องตายจากกันไป 
จะมาโกรธ มาโลภ มาหลง (๒/๓)	",anger
"แปลกดีนะ...เวลาทะเลาะกันมักจะ ""ลืมความรู้สึก"" ที่ผ่านมาทั้งหมด เหลือเพียงแค่ ""ความโกรธ"" !!!	",anger
"ตอนแรกก็ไม่ค่อยโกรธหรอกแต่เอาไปพูดลับหลังเป็นเรื่องตลกอีก ใช่เรื่องป้ะ	",anger
"@19971113_ บู้ โกรธมันอยู่ แอบหนีไปได้ 5555	",anger
"บางทีกูก็สับสน เหนื่อย โกรธ โมโหกับระบบผีๆดบบที่มึงทำอยู่อ่ะเอสเอ็ม แต่กูทำไรไม่ได้ไง	",anger
"@aommyaommy_lee ร่อนเอวเบากว่าคลิปในผับค่ะ พี่เกดโกรธมาก อยากจะวิ่งไปกระตุกกางเกงทิ้งค่ะ !!! 5555555555555555	",anger
"@sawatdeeka_ เห็นว.ว่ารุ่นพี่ในค่ายยังโกรธแทนเลยแล้วนี่ต่างค่ายปีนเกลียวเหยียบหัวแหม๋ๆใจเย็นกันจรุง ตอแหลไม่เนียนไปเรียนมาใหม่	",anger
"ไอติมเเพงสาสโกรธ	",anger
"พน.คัยทักสิวกู กูโกรธหมดอ่ะ	",anger
"นี่เข้าใจว่าแกทแพทรอบแรกนางก็ไปสอบเอาสนุกนะ ไม่เห็นอ่านหนังสือเลย โกรธมัน	",anger
"คนที่โมโหคนที่โกรธ คนที่กำลังตะโกนด่า บางทีเขาอาจจะไม่ใช่คนผิดก็ได้นะ ทำไมไม่ลองโทษคนที่ทำให้โมโหดูบางสิ	",anger
"บทเรียนของวันนี้ อย่าซ้อนมอไซซีน้อลตอนมันโกรธ	",anger
"ฟังโกะวันด้าที่บอกว่าจะซื้อตั้งแต่ The Force Awakens เข้าโรงกูยังไม่ได้ซื้อเหล๋ย วิชั่นที่บ้านโกรธกูแหลว	",anger
"ตกลงวีคลี่ซึลรีนไม่ได้ไปใช่ป้ะ หนอยทำมาเป็นหลอกกัน โกรธ	",anger
"จริง ๆ แล้วเป็นคนน่าเบื่ออ้ะ ความโรแมนติกเป็นศูนย์ ไม่ชอบคนเยอะ ๆ เกลียดเสียงดัง ไม่เข้าใจความงี่เง่า ไม่ตอบสนองอารมณ์โกรธของคนอื่น ฯลฯ	",anger
"ยังนึกโกรธที่หนีไปดูหนังกันสามคนพ่อแม่ลูก ละนี่โทรไปหาเลยรู้ ตอนนั้นขึ้นเสียงเลยอ่ะ ไหนบอกจะไปด้วยกัน ทิ้งเราไว้อ่ะ	",anger
"กูโกรธขนาดนี้ยังไม่สำนึกอีกเหรอ	",anger
"โกรธจนน้ำตาร่วงเลย โกรธเจ้าภาพที่ไม่ใส่ใจ แต่โกรธตัวเองมากกว่าที่ทำงานใหญ่แล้วไม่รอบคอบ	",anger
"ครั้งนี้โกรธจริงจัง และคิดว่าจะไม่หันหลังกลับไปอีกแล้วล่ะ พอกันทีกับความรัก  รู้สึกแย่กว่าเก่า	",anger
"@Mook_LDH ซิสแกโกรธที่มีคนเล่นอะไรไม่เข้าเรื่อง	",anger
"กูดิที่ต้องโกรธ ไม่ใช่มึงมาโกรธกู #อิ?? แถมไม่ยื้อไม่อธิบาย กุอยากคุยด้วยแทบตาย ฟายยจริงๆ ??	",anger
"ก็อยากจะไม่ยุ่งไม่คุยไม่ไรเพราะโกรธนะแต่ทำไมไม่ได้เป็นพวกแปปๆก็ช่างแม้ง	",anger
"จากบางกะปิไปดอนเมืองใกล้มากมั้งหอย กูโกรธเพื่อนที่บอกกูผิดมาก ดีนะกูเช็คอีกรอบถ้าไม่เช็คกูเด๋อไปสอบไม่มีชื่อนี่ชิบหายเลยนะคะ	",anger
"โกรธๆคนขายทำโรตีไหม้	",anger
"กูไม่ตลกอะ กูโกรธแบบโกรธอะ ทำให้กูเป็นห่วงงี้อ๋อ	",anger
"ช่างตัดผมโกรธเเค้นมาจากไหน5555555555 https://t.co/D96BMxriqV	",anger
"โกรธครูมากให้ลุกนั้ง200 และตอนนี้ขากูคือระบบ ปวดมากกกกแทบลุกไม่ไหว ขึ้นบรรไดทีนี้แทบล้ม	",anger
"29.จะโกรธมากเวลาทำอะไรอยู่แล้วมีคนพูดสวนขึ้นมา	",anger
"@Darlingdl3 ละทำโทษยัง อีห่า โกรธแทนมาก	",anger
"เคยโกรธแม่เพราะแม่ซื้อของกินมาไม่ตรงกับที่บอกให้ซื้อ https://t.co/p2CiPwYoj9	",anger
"ก็แบบนี้แหละกู ขี้รำคาญ ขี้หงุดหงิด ขี้โวยวาย แต่โกรธมากๆจะไม่ค่อยชอบพูดเท่าไหร่ จะตะโกนเลยทีเดียง ปั่ง! จบ ละก็เป็นเรื่องจ่ะ ????????	",anger
"โกรธรัยกูก้อไม่รู้  เพื่อนกันแท้ มีรัยไม่พูดตรงๆ	",anger
"โกรธๆๆๆ บอกเลยยย โกรธมากด้วยยยยยยย ????????	",anger
"ครูแบบนี้ กุนั่งเกร็งทั้งคาบ ไม่รู้ไปโกรธใครมาจากไหน #เจอครูแบบไหนกันมาบ้าง https://t.co/rHDD6C6C2Q	",anger
"วันนี้นุ่นโกรธอะไรขวัญอ่ะนุ่นเป็นอะไร????????	",anger
"โกรธมากอ่ะ พูดเลย	",anger
"เอาจริงๆกูโคตรโกรธพ่ออ่ะสัส จำวันเกิดลูกแท้ๆไม่ได้แต่จำวันเกิดลูกของนางได้ อุ้บส์ ห่างกัน4วันเอง น่าคิด??	",anger
"@OrangeLargeBox เห็นแล้วก็โกรธนะ เอาดีๆ ทำวงพัง จำได้เลยหยุดโปรโมทแล้ว เด รวว เลย สมัย เจวายเจ บล็อคสุด เจสอีก กูชอบทั้งนั้นนน	",anger
"ไอ้เหี้ยกูโกรธนะ กูก็พูดดีๆด้วยอ่ะ	",anger
"อาการโกรธไม่ได้มีแค่พูดไม่ดีด้วยนะ 
เงียบไปก็แปลว่าโกรธได้เหมือนกัน	",anger
"คิดว่าโกรธกูได้คนเดียวหรอวะสัส	",anger
"กูโกรธมึงนะแต่กูทำเป็นเฉยๆวะไม่อยากทะเลาะ	",anger
"ถ้าใส่ใจตอนนี้คงรู้แล้วว่าโกรธ แต่นี่ไม่เลย	",anger
"อย่าไปโกรธอย่าไปโทษใครๆเพราะคนที่ทำผิดคือตัวเราเอง??	",anger
"บ๊อบบี้ได้แอบมีส่วนร่วมใน Goblin
กงยู: มันคือความโกรธตลอดร้อยปีของฉัน การกลับชาติมาเกิดของราชาที่ฆ่าฉัน ลองดูดีๆสิ 
https://t.co/75RWTgUjcv	",anger
"@PEACHJH97 หมาพี่ตายพี่ไม่โกรธหรอ	",anger
"16. เคยมีเพื่อนสนิทมาบอกชอบแต่เราโกรธแทบเป็นแทบตายไม่คุยด้วยจนจบ อืม... ไร้สาระสุดๆ แต่มันอึดอัดอ่ะ พอเถอะแกฉันมีโฮซอกแล้ว ....	",anger
"@nampunchzZ โกรธอะไร โกรธแทนไท่หยางใช่ไหมตอบ! 55555	",anger
"แค่คำว่า 'ทำไงหายโกรธ' กูก็หายโกรธมึงแล้ว แย่จริงๆ https://t.co/8LzBXJgxRT	",anger
"ห้ามโกรธห้ามเกลียดห้ามงอนกันนะคะไม่ว่าใครก็ตามอยากเป็นมิตรกับทุกคนเพราะไม่ว่า
จะอายุน้อยหรืออายุมากความตายมีสิทธิ์มาเยือนทุกคนไม่อยากสูญเสีย	",anger
"@CSPYD61 อย่าโกรธนะแฟน;-;	",anger
"ขอบคุณแม่ที่ให้คิ้วมา แต่โกรธมาที่ไม่ให้ดั้งมาด้วย	",anger
"@ShipSlash จริงด้วยค่ะ แลนแผนสูงตลอด  ก๊ากกก //เป็นโกลเด้นเพออาจจะยังพอให้อภัย (และโกรธแลนหูลู่หางตกไม่ลง) ค่ะ ฮา	",anger
"เคยแม่งโกรธใครมากๆ แต่ทำอะไรไม่ได้มั้ย แม่งต้องเก็บไว้ การระบายมันเลยออกมาเป็นน้ำตา #เพื่อนเหี้ย #เพื่อนอะไรไม่น่าคบ	",anger
"@Clock_TT กูโกรธมึงยิ่งกว่าเก่าแล้ว หายหัวไปไหนมา .เบะ	",anger
"เราแอบหวีดมาร์คเบาๆเพราะเสียงเขาหล่ออ่ะ5555 อย่าโกรธกันเลยนะตูน ??
@Toonmione	",anger
"@jaeybabymine 5555 เจ็บแค้นเคืองโกรธโทษฉันไย	",anger
"เล่นทวิตละเปลี่ยนโหมดเร็วชิบหาย5555555 เดี๋ยวโกรธ เดี๋ยวขำ เดี๋ยวเศร้า	",anger
"โกรธวีแอพอะ มันมะแจ้งเตือน ตะเตือนใต	",anger
"คือนี่เกลียดไหมก็ไม่ถึงขั้นนั้น โกรธมากกว่า รู้สึกว่ามันไม่ยุติธรรม แต่ถ้ากลับมาก็จะดีใจมากๆ	",anger
"ผมชอบแกล้งคนอื่นมากๆ? ก่อนหน้านี้ผมเผลอไปแกล้งให้จินกูจิร้องได้ด้วยการแกล้งโกรธแล้วทำเป็นไม่สนใจ แต่ก็ขอโทษแล้วล่ะ (หัวเราะ)	",anger
"@yok_nopphason 27.ไม่ค่อยโกรธใครนอกจากแบบสุดแล้วจริงๆ	",anger
"ไม่ชอบ คนที่โกรธโดยไม่มีเหตุผล #ความรู้สึก	",anger
"บอกบ่อยกูก็รำคาญอ่ะจริงๆนะ กูก็พยายามอยู่ แต่ยิ่งเวลาโกรธเสียงยิ่งสูง หยุดพูดเหอะ จริงๆ หงุดหงิด	",anger
"เกลียดตัวเองเวลาโกรธให้ใครสักคนแล้วฝืนยิ้มให้ดูเหมือนไม่มีอะไร มันไม่ธรรมชาติอ่ะ	",anger
"ที่เกิดมันไม่ใช่เพราะความโกรธเพียงชั่ววูบอ่ะ แต่มันไตร่ตรองวางแผนในการกระทำมาเป็นอย่างดีเเล้ว ...	",anger
"บอกเลยตอนนี้โกรธมากๆ โกรธแบบไม่อยากพูดกับใครแล้วก็ไม่อยากให้ใครมาพูดด้วย ต้องจัดการอารมณ์ตัวเองให้เย็นลงก่อนถึงมาคุยได้	",anger
"วันก่อนเถียงกับแฟน
แฟนถามโกรธไหม นี่ตอบโกรธ!
.
.
.
.
.
โกรธตะเองไม่ลงหรอกเค้าอ้ะ ตะเองว่าไง เค้าก็ว่าแบบนั้นแหละ
#สมาคมพ่อบ้านใจกล้า	",anger
"พอเมียโกรธเเต่เราไม่ได้ทำผิดผมนี้โมโหเลยครับ
.
.
.
.
.
.
.
.
.
.
โมโหตัวเองที่ทำให้เค้าโกรธ ง้อนะตัวเองงงง
#สมาคมพ่อบ้านใจกล้า	",anger
"อยู่ด้วยกันก็ต้องคุยกัน
อยู่ด้วยกันต้องไม่โกรธกัน 
อยู่ด้วยกันก็ต้องรักกัน	",anger
"เกลียดตัวเองที่ไม่ว่าจะโกรธใครกูก็จะแสดงออกว่าไม่เป็นไรตลอด บางทีเว่อร์จนกุก็รำคาญตัวเองนะ ที่นี้ปล่อยแม่ง throwแม่งให้หมด	",anger
"@rasa_nam กรี๊ดดดดดดดดดโกรธ!!!!!น้องคริสของเพ่~~~	",anger
"@MaaaaaaayD @mylilhomies @VUENGs หลงเหมาะเป็นอีโมที่โกรธตลอดเวลา ????	",anger
"สงสารแฟนนาง ต้องเป็นที่รองรับอารมณ์ โกรธอะไรก็ลงทีแฟนหมด ระแวงแฟนไปมีคนอื่น ทั้งๆที่ตัวเอง ก็คุยกับผญคนอื่น	",anger
"โกรธว่ะไอเหี้ย	",anger
"ละโกรธมาก ปล่อยเลทเพราะมัวแต่พูดเรื่องลูก	",anger
"มีวันไหนบ้างที่ไม่โกรธหนู บ่อยๆก็รู้สึกแย่นะ	",anger
"ต่อให้ลูกพี่ลูกน้องก็เหอะ ทักที่คนเยอะๆแม่งก็โกรธเหมือนกัน	",anger
"สมัยก่อนนักด่ามาก ด่าแบบไฟลุก (รู้ตัวด้วยนะ) แต่จริงๆคือ ด่าไปแปบเดียวหายโกรธละแต่กุปากแข็งไม่ยอมบอกว่าหาย พอมาคุยเพื่อนงง ไบโพล่าร์	",anger
"กูไม่อยากให้มึงโกรธเลย มป.?? ถึงจะไม่สนิทแต่มึงก็โคตรดี กูแค่คิดว่าทุกๆอย่างมันจะดีขึ้น ใครๆก็บอกว่ากูเปลี่ยนไป ในทางที่แย่นะ ไม่ใช่ที่ดี	",anger
"มัทนากลัวการมีความรัก ไม่อยากเข้าไปในวังวนนั้น เทพโกรธ สาปนางให้ไปเกิดบนโลกมนุษย์ นางต้องการเกิดเป็นดอกไม้ที่มีกลิ่นหอมและมีประโยชน์ เทพสาป	",anger
"ในวันที่พี่เป็นกรดไหลย้อน เซบก็ได้ถ้วย3 โอเคพี่ไม่โกรธที่พี่เป็นกรดไหลย้อน ไม่หัวร้อนที่ไฟล์งานหาย พี่มีความสุขดี????????	",anger
"พี่มาร์คคคคคค อีกนิดก็เห็นขอบกุงเกงแล้วอ้ะ งี้คยอมไม่โกรธหรอ ?? #yumark https://t.co/tw7LJvP1JN	",anger
"ไม่ใช่จู่ๆปิดพนแล้วเปิดมาจ๊ะเอ๋ตู้พี่ดั๊กเลยนะ โกรธนะงั้นอ่ะ ยังไม่ได้เติมแฟ ฟฟฟฟฟฟ	",anger
"ใครเป็นสายให้มันดูกูที่รรกูโกรธ	",anger
"ขนาดนี้ เกรี้ยวกราดขนาดนี้ก็ถอดเสื้อหนังฟาดใส่หน้าพี่เลยค่ะ พี่ไม่โกรธธ ;____; https://t.co/Lh4bN4B027	",anger
"@poysian_nch กดหน้าโกรธดิไม่เหมือนใครดี	",anger
"เคยโกรธจนร้องไห้ไหม?	",anger
"@BarBinkyZ น้องรี คือตั้งแต่ทำงานมา เคสนี้แย่สุด เหมือนหลุดมาจากละครช่องone เกรี้ยวกราดก้าวร้าวเสียงดังโกรธจนหน้าสั่นค่ะพูดเลย	",anger
"พูดถึงแทอิลล่ะแบบโกรธ SM มากกกกก คือน้องมีของน่ะ แต่แนวเพลง NCT คือไม่เปิดโอกาสให้แทอิลแสดงความสามารถเลย เสียดายจริงๆ ขอ SM stations ก็ได้ ??	",anger
"โกรธง่ายจัง	",anger
"@Secrate_Wind ความจริงนางก็ไม่เคยทำอะไรให้เรานะ แต่เราโกรธ.... 'หญิงงามเพราะมีสามี...' โกรธยิ่งกว่าตอนนัดพบวีรบุรุษ https://t.co/zoy4Pt17K9	",anger
"จะไปโกรธคนเก่าของเขาทำไมในเมื่อตอนนั้นเรายังไม่รู้จักกันเลย..	",anger
"พอเราไม่พอใจก็มาโกรธเราอีก งงมาก https://t.co/LulO7iAJpc	",anger
"น้องจงบอกว่าเรามีเวลาไม่มากน่าจะไลฟ์ได้แค่ 10 นาที พิยอลรีบบอกเลยว่าไม่ได้นะ คราวก่อนนางมาแค่ 8 นาทีแฟนๆยังโกรธเลย https://t.co/TvWUzkWgAe	",anger
"@peachhh93 ถถถ แกล้งหน่อยเอง โกรธกันแล้วในใจของเธอมีความสุขมั้ยยย	",anger
"@Johnnii_MAMA เราโกรธมาร์คแล้ว!! // กระทืบเท้าเดินหนี https://t.co/0PrlrUMzlY	",anger
"คนข้างนอกอาจดูว่าเราโกรธกัน แต่ในใจของเราจริง ๆ นั้นต่างรู้ว่าเป็นยังไง	",anger
"รู้สึกดีที่ไม่ว่าจะโกรธ/งอนกันแค่ไหน สุดท้ายเราต่างยอมพูดคุยกัน พยายามทุกทางเพื่อปรับความเข้าใจกัน เห็นคุณค่าในความสัมพันธ์ที่กว่าจะก่อตัว	",anger
"อปป้ามินเนี่ยนควรหยุดกดโกรธใส่รูปพวงกุญแจโบ๊ะบ๊ะแฟมิลี่ของคนอื่นค่ะ 5555555555	",anger
"รู้สึกเหมือนจะโดนโกรธ	",anger
"โกรธเถียรที่สุดในโลก	",anger
"ดังนั้นใครแกล้งเราโกรธจริง โกรธมาก เคยโกรธบอลเป็นอาทิตย์เพราะมันเอารูปหนอนแบบการ์ตูนให้ดู ง้อให้ตายกูก็ไม่หาย	",anger
"ไม่ได้มีความสุขทุกวัน
ไม่ได้เข้าใจกันทุกวัน
บางวันก็โกรธกัน
บางวันก็ทะเลาะกัน
แต่ที่แน่ใจ
คือรักและหวังดีทุกวัน
แม้ในวันที่ไม่เข้าใจกันเลย.	",anger
"ดังไฟที่คุมตัวอยู่ มันทั้งเสียและโกรธ 
คนอื่นก็จะบอกว่า #ไร้สาระ	",anger
"หายโกรธกูละหรอคะ?	",anger
"มีใครเคยถูกแฟนหนุ่มโกรธบ้าง แล้วง้อแฟนหนุ่มยังไง #ปัญหาความรัก https://t.co/tVS6MDgc2V	",anger
"@Taengbond_007 เหมือนกันเลยค่ะ...เเอบโกรธที่ชอบว่าชอบผญ.??	",anger
"พ่อเคยบอกว่า จะโกรธมากแค่ไหนก็อย่าทำร้ายผู้หญิง	",anger
"@KMS_JEJ ไม่ได้โกรธจ้ะ	",anger
"@MaaaaaaayD @literatus_ @VUENGs ??อันนี้โกรธหรืออีโมหลง ????	",anger
"เสียความรู้สึกอีกแล้ว คือน้อยใจมาก ไม่จะเกลียดไม่ได้จะโกรธ แค่รู้สึกย้อยใจ??	",anger
"ขี้กั๊กบับเน้ คนอื่นกั๊กบ้างอย่ามาโกรธละกัน lol	",anger
"ติ๊กด๋อยไรเนี่ยสุดน่ากลัว ใครส่งมาให้โกรธอ่ะฮือ555555555555555555555555555555555555555555 https://t.co/eUPMxxPHoj	",anger
"เมื่อผู้ชายไม่ได้รักเรา ไม่ได้ชอบเรา อย่าไปโกรธแค้นเขาค่ะ ให้เราล้างแค้นเขาค่ะ สะใจขนาดไหนดูหน้ายาย55555555 https://t.co/kph8tSbZ45	",anger
"ใช่เลย เวลาผู้หญิงโกรธกัน จะน่ารำคาญที่สุดเพราะใส่ใจอารมณ์มากไป แต่เวลาผู้ชายโกรธกันรู้สึกดีเพราะโกรธกันแบบมีเหตุผล #หรือป่าว 55555	",anger
"เกลียดดดดด  มัชคือไร พูดถึงดีโอกูโกรธ  ฮ่าๆ	",anger
"ความรักก็เหมือนแมวตัวนึง .. ถ้าเธอเข้าใจมันมากพอ .. เธอจะไม่โกรธเวลามันเผลอทำให้เราเจ็บ .. และเธอจะไม่กลัวที่ต้องรั https://t.co/2c6u1FcA3x	",anger
"@Rayluizm11 บอกเพื่อนใครชวนโกรธ55555	",anger
"เจ็บแค้นเคืองโกรธ โทษฉันใย 
ฉันทำอะไรให้เธอเคืองขุ่น~ https://t.co/i38UD61sxc	",anger
"ไม่รู้หรอกว่าโกรธอะไรผิดอะไรก็ขอโทษนะ	",anger
"โกรธขนาดนั้นเลยหรอ	",anger
"ไม่พูดใช่ว่าจะไม่โกธร โกรธแหละ..แร้วทำไรได้ไม๊ล่ะ !! พูดก้อเหมือนเดิม ไม่พูดก้อเหมือนเดิม ??	",anger
"@NoBelle129 โกรธแล้ว ฮือ ใจร้าย	",anger
"ความลุง!! จะไปออกรถให้เมีย(ใหม่) แล้วจะให้แม่ช่วยค้ำประกัน แต่เราไม่ยอม(รู้นิสัย) โกรธจ้า ผญ.เป็นใคร?มาจากไหน? ก็ไ https://t.co/lRO7Lz5MZ4	",anger
"ชีวิตนี้จะโดนโกรธอีกกี่ครั้ง ซงซาน  #weightliftingfairykimbokjoo https://t.co/3bXxQLHDiu	",anger
"โกรธไวไฟมาก เห็นชอตเดี๋ยวแล้วค้าง แล้วจบ แล้วหัวใจกูล่ะ ToT https://t.co/NY3hgnDxDf	",anger
"@npsrjab_ เลาโกรธนายแล้ว!!! https://t.co/ZC1pTNU3Oh	",anger
"ความรู้สึกของคุณในตอนนี้  โกรธ เครียด เหนื่อย เศร้า แฮปปี้ มีความสุข เป็นอารมณ์ยังไงไม่รู้มันมีหลายๆอย่างรวมกัน55 https://t.co/eSLRDNuAkU	",anger
"จงคิดอยู่เสมอว่า เรามีเวลาเหลืออยู่แค่วันนี้หรือชั่วโมงนี้ จะได้รีบกระทำในสิ่งที่เป็นประโยชน์ มิใช่มานั่งโกรธ นั่งเกลียดนั่งคิดริษยากัน""	",anger
"@mejii88 ขอโทษครับผมไม่ค่อยว่างน่ะ ไม่โกรธนะ	",anger
"แดซองโกรธใครมาป้ะวะ?? https://t.co/EYbCEY6XTM	",anger
"เหมือนเป็นโรคจิต ชอบแกล้งให้โกรธแล้วตัวเองก็ง้อไม่เป็น - -	",anger
"โอเค ไม่โกรธแล้ว55555555 https://t.co/w2KifX37Nz	",anger
"@_Thitiporn กูผิดอ่ะแหละ แต่กูไม่รู้ว่าทำไมกูไม่อยากเข้าไปเคลียร์ กลัวโกรธกลัวไปโมโหอ่ะ ละทำอะไรชั่ววูบลงไป ละก็เสียแม่งไป ไม่อยากให้เกิด	",anger
"โมโห โกรธมาด้วย !!	",anger
"รู้ตัวเลยว่าไม่ใช่คนดีเด่อะไร เพราะเวลามีความรู้สึกโกรธ เกลียด จะเป็นคนอารมณ์ร้ายคนนึงมากๆ แบบน่ากลัวมาก	",anger
"ตัวเล็ก : ตะเองไม่โกรธเค้านะ เค้าขอโทษ :( https://t.co/bBcmHZfeCh	",anger
"ค้นหาไอโฟนกูอีกล่ะแต่ไม่ได้แดกกูหรอก กูปิดก่อนกูรู้ดี อย่ามาอยากรู้ว่าอยู่ไหน โกรธ	",anger
"@Sangsuree26 เราพูดกับเค้ากลายเป็นคำธรรมดา แต่พอเค้าเรากลับหายโกรธซะงั้นน 5555 สงสัยแกเจอคำนี้บ่อยสินะ	",anger
"ยอมรับว่าขี้แกล้งจริง วอนอย่าโกรธเยอะ ที่แกล้งก็เพราะรักทั้งนั้น	",anger
"โกรธก็เงียบ หึงก็เงียบ งอนก็เงียบ 
""แย่เน่าะนิสัยฉันเนี่ย""	",anger
"""อย่าเข้าใจว่าโกรธทีหนึ่งแล้วก็แล้วไปนะ โกรธทุกทีจะเพิ่มอนุสัยแห่งความโกรธ คือ ความเคยชินแห่งความโกรธให้เข้มข้นทุกที เราจะโกรธง่ายขึ้นทุกที""	",anger
"@NamjoohyukTH ยิ้มแบบนี้ โกรธลงหรอ จุนฮยอง ยิ้มของคนที่ส่งฟู้ดทรัคให้แกนะ ???? https://t.co/y1HzrU3BzU	",anger
"@_hex94 ไม่เป็นไรค่ะ จิไม่โกรธ??	",anger
"โกรธอะแต่ไม่อยากพูด	",anger
"ใครตัดผมให้น้องคยอง โกรธธธธธธธ เพนกวิ้นชัดๆ55555	",anger
"คืองานดีอ่ะ มันมีหลายอารมณ์แบบที่เราชอบเลย ทำให้ขำ ให้โกรธ ให้หน่วงจนอยากร้องไห้ตามได้ ภาษาเป็นภาษาพูด มีคำหยาบ แต่อ่านแล้วไหลลื่นมาก	",anger
"น้องไม่ไหว้เรา เราไม่โกรธ แต่เพื่อนเราโกรธ เป็นงี้ทุกที -_-	",anger
"@Emnexz_ หมาแดกอ่ะมึงงงง แงงงงกูโกรธมากอ่ะ	",anger
"โกรธตัวเองที่พูดมาก แล้วก็ง้อตัวเองด้วยของกิน555555555555	",anger
"อีตู้บุญเติมแดกเงินไป 11 บาท อีเหี้ย โกรธ	",anger
"โกรธใมาก	",anger
"@Poppnt โกรธ!!!!	",anger
"โกรธอะไรกูไม่พูดตรงๆอะมาเงียบเฉยเเบบนี้จะไปรู้ไหมเล่าทำตัวเยอะเป็นพวกผญงี่เง่าไปได้จะจบอยู่ละเสือกมาไม่คุยกับกูเป็นอะไร้กูง้อคนไม่เป็นหรอกนะ	",anger
"มันโกรธกูป้ะว่ะที่กูขำมันวันนี้ อห. ก็กูขำอ้ะ เป็นใครใครก็ขำป้ะขำกันลั่นห้องเลยจ้า55555555555555555 https://t.co/l1Fz9jBBDC	",anger
"โกรธแค้น ไปสิบคนเข้าตากูคนเดียวไปสามคนเข้าตากูคนเดียว แบบดวงตานับร้อยคู่ทำไมมึงเลือกกูวะ ต้องดีใจไหม	",anger
"เหนื่อยที่อยู่เฉยๆก็โดนโกรธ	",anger
"SoulReverseZero นี่โกรธธธ ทั้งตู้ได้4ดาวใบเดียว นอกนั้นซ้ำเละเทะมาก https://t.co/oYqUqs7L7r	",anger
"โกรธหรอ https://t.co/OrIkO7WiBs	",anger
"กูไม่โกรธหรอก กูแค่จำ	",anger
"@Spui3zth ไปโกรธใครมา	",anger
"เรายังไม่รู้เลยเราโกรธไรเธอ55555555	",anger
"@somkiatnimx98 @lucasvapor @siiikeu สารภาพบาปกันได้ละ ไม่โกรธหรอก สัญญา	",anger
"โกรธ มาช้า ?? งอน ไม่ต้องง้อเลยด้วย เดี๋ยวหายเอง !?? https://t.co/9PfLH2aLQh	",anger
"@armedarmarm หยอกเล่นน่าา รู้ว่าพี่อามไม่โกรธพิมหรอก เนาะ พี่อามใจดีจะตาย	",anger
"เห้อโกรธจริงๆนะเนี่ย??	",anger
"แล้วกูอะ กูทำไรได้บ้าง น้อยใจมั่งได้หรือเปล่า โกรธบ้างได้มั้ย หรือมีสิทธิ์แค่ผิดอย่างเดียว	",anger
"แต่ตอนนี้จะโกรธมินกยูละ ??	",anger
"@18kimx_lk พี่จำไม่ได้แล้วอ้ะเป็นพวกโลกสวยมากกกก(มั้ง) โกรธง่ายหายเร็ว แต่หมั่นโถวนี่พี่ไม่โกรธนะ พี่เกลียดเลย อุ๊ปปปป	",anger
"เพื่อนโกรธเรื่องแบบ..... #เพื่อนวัยเรียน https://t.co/iRswLJOBFb	",anger
"โกรธกับแฟน ขึ้นสเตตัส ""โสด"" 
ถ้าวันนึงแม่มึงโกรธ ไม่ขึ้นสเตตัสว่า ""กำพร้า"" เลยหรอ. 5555	",anger
"ถ้าไปกับแฟน กูจะถามนางว่า จะรอ จะช่วยเลือก หรือจะไปเดินเล่นก็ไป ไม่โกรธ กูเข้าใจมึง และมึงก็ต้องเข้าใจกู 555555	",anger
"บางทีกูก็ไม่ชอบหรอก กูโกรธ กูนอยด์ แต่กูคิดว่าเงียบดีกว่าไม่อยากทะเลาะกับมึงไม่อยากให้ความรู้สึกมันพัง ไม่ใช่กูไม่รู้สึกอะไร .	",anger
"คงจะมีบางคำที่ฉันพึ่งบอกเธอไป แล้วเธอโกรธฉัน??	",anger
"@IJJun_bot ไม่โกรธหรอครับ .ยิ้ม	",anger
"โกรธแรง	",anger
"@_mnksy เชอะะะ โกรธโกรธธธธธ	",anger
"โกรธ?แล้วนะะ https://t.co/JAb07hmHGO	",anger
"#เคยได้ยินคนกล่าวไว้ว่า....
เวลาโกรธใครมากๆ จะพิมพ์แป้นพิมพ์ได้เร็วกว่าปกติ	",anger
"อยากแต่งฟิคอยู่เรื่องนึง เนื้อเรื่องประมาณแบบ โลกเต็มไปด้วยเวทย์มนต์กับมอนเตอร์ให้ฆ่า เวลาพระเอกโกรธมากๆหรือว่าต่อสู้ตาจะเป็นสีแดง	",anger
"@aadoreh 555555 ยังนึกถึงป้านี้แบบ สาดถั่วงอกลงกะทะ แบบไอโกรธ 5555	",anger
"อหหหหโกรธธธๆๆๆๆๆๆๆ อยากจับมาตีปากกกก กรี้ดดดดด โกรธ555555555	",anger
"ดูทำหน้า น่ารักฮือ 5555555 เหมือนโกรธอยู่แล้วเพื่อนมาง้อ แต่ยังไม่มีอารมณ์จะยุ่งด้วย https://t.co/1Mm7obHLvI	",anger
"เรารู้จักพวกเขามานานแล้วนะ ทั้งเรื่องพี่เบสโกรธกัน พี่ออยไม่แคสต่อ ตอนนี้มาถึงพี่วี่ .. อยากให้คุยกันดีๆนะ แต่เราก็ไม่รู้นอกในเขา ,_,	",anger
"ไปโกรธใครมาวะเนี่ย https://t.co/GmdYkl46JT	",anger
"ต่อให้โกรธกันแค่ไหนแต่วันหนึ่งต่อมคำว่าเพื่อนมันจะรู้สึกขึ้นมาเอง	",anger
"โกรธกันแล้วในใจของเทอ มีความสุขมั้ย ~~~ https://t.co/qRASD1O94J	",anger
"@thcnpm แปลว่าโกรธหรอ /งานแนะแนวน้องมั้งเหนใครเคยพูดเปรยๆ สักคน	",anger
"อีเวร โกรธมาก	",anger
"เพื่อนจะโกรธกันแค่ไหนก็หายแปปเดียว แต่ถ้าได้เกลียดกันแล้วคือจะเกลียดกันไปเลยอย่าหวังจะดีกัน	",anger
"ความแต่แฟนโทรวิดีโอเฟสมาคุย ละโกรธที่ไปเที่ยวกับเพื่อน เลยคุยไม่ดีสักเท่าไหร่ ?? สวัสดี  วิดีโอต้นเหตุ  สตีเว่นเพื่อ https://t.co/0nCyNKH8WS	",anger
"กูตลกพ่อตัวเองกูเรียนพิเศษเลิกดึกบอกไปรับไม่ไปละบอกให้กูกลับเองพอกูกลับเองก็โกรธกูอะไรว้าาาาา #พ่อกูเป็นคนตลก	",anger
"คือความรู้สึกมันไม่ได้ถึงกับว่าโกรธหรอกเเต่เเค่สงสัยว่าทำไมต้องโกหก เเค่นั้น	",anger
"@BBK95x ก็มีหลายเรื่องจะสารภาพ ตอนเลิกคุยกัน เราไท่ได้เสียศูนย์ขนาดที่ร้องไห้ฟูมฟาย แต่เรารับได้ทุกอย่าง เราเข้าใจ ไม่ได้โกรธ -1-	",anger
"ไม่เคยโกรธพี่ตุ้มเลย จนกระทั่งวันนี้ // จับขัง04 https://t.co/uSpJ4bgg5q	",anger
"โกรธคือโง่ บัฟฟาโล่คือกูเอง????	",anger
"มันจะเป็นโมเม้นที่แบบโกรธ แต่ก็ไม่อยากอะไรมากเพราะเค้าอาจแค่ฟอร์มมั้ง แต่ก็นั่นแหละ สุดท้ายก็ปล่อยๆไปแล้วหันไปมองคนที่ยังอยู่ข้างเราดีกว่า	",anger
"@Tl06wp04lN ล้อเล่นน่า~ /ยิ้มขำ/ ถ้าโกรธก็ไม่ได้คุยกันน่ะสิ	",anger
"@BLORDX92 ขอบคุณหลอดที่มารีตามทักวันนั้นนะ ขอบคุณที่เราดองหลอดบ่อยมากแต่ไม่เคยโกรธกันเลย555555 อยู่เป็นบอทแบคที่น่ารักแบบนี้ไปนานๆนะอ้วง????	",anger
"ไม่รู้ว่าเป็นเพราะรู้แล้วไม่พอใจ โกรธหรืออยากให้เราตัดใจเลยหายไป แต่เราก็ยังอยากจะเป็นเหตุผลที่ดีที่แกหายไปนะ	",anger
"ไม่ได้โกรธนะ แต่บางครั้งอยากมห้ลองคิดดู	",anger
"ใครคุยเรื่องแมทกุโกรธ ฮือออออออออออ ปิดเทอมแล้วโว้ยยยยยยยยยยยนย กี๊ดๆๆๆๆๆๆๆๆๆๆๆๆ	",anger
"@GustFri02 มันจะไปมั้ยล่ะ??รักเขาขนาดนั้น..โดนพูดใส่ซะหน้าชาโกรธได้แปปๆกลับมาเจอแผลที่เท้าเท่านั้นล่ะ...??	",anger
"@jamyeonjungx เจ็บแค้นเคืองโกรธโทษฉันใย ฉันทำอะไรให้เธอเคืองขุ่น	",anger
"@miewduck ของเราเจอไม่ห่ออะไรเลย กล่องโล่งๆ ลิปห้าแท่งกลิ้งไปกลิ้งมา โกรธ -0-	",anger
"เบื้อเวลาโกรธใครมากๆจนร้องไห้..	",anger
"กูโกรธป้าแม่บ้านมากเลย หัวร้อนเลย แม่บอกอย่าไปว่าเค้า เค้าแก่แล้ว แต่พอเล่าให้แม่ฟังจบ แม่เริ่มเข้าใจและบอกให้ปล่อยวาง ทำอะไรไม่ได้ ????????????????	",anger
"@factxsomi ไม่โกรธหรอกครับ พี่ก็ตอบช้าเหมือนกัน 5555555	",anger
"คิดถึงทุกๆเรื่องที่ทำด้วยกันทุกๆที่ที่ไปด้วยกันมันเหมือนมีไรขาดหายไปไม่โกรธไม่เกลียดเราทำตามที่เธอต้องการถูกแล้ว??	",anger
"@Pakornlumm นี่มึงโกรธเกลียดไรกูป่าว ตอบสั้นสัส ??	",anger
"โกรธอ่ะ โกรธเเม่สุดไรสุด	",anger
"ไม่เคยโกรธไม่เคยว่ามึง	",anger
"เห้อออกูจะขอโทษหรือโกรธตัวเองดี	",anger
"แม่เป็นบุคคลที่เรียกกูอ้วนและกูไม่โกรธ	",anger
"ไอจีน่าจะมีหน้าโกรธ	",anger
"อีเหี้ยคือบางทีก็โกรธมากอ่ะ คือถ้าไม่ถูกกันนี่มือกูลงหน้าแล้ว	",anger
"@SOJIX7TQ_ 2.เป็นคนโกรธง่ายหายเร็ว	",anger
"@patchaoiil โกรธคือโง่โมโหคือบ้าน้าาา 55555	",anger
"ช่วงนี้ไม่ค่อยว่างเลยครับโผล่หัวมารีอย่างเดียวไม่ตอบเมนและเดมโปรดเข้าใจอย่าโกรธกันเลย	",anger
"@EllisaBurning อันนี้นางโกรธจริงจังมากเลยอ่าไม่คิดว่าจะร้องไห้55555	",anger
"จริงๆก็น่าสงสาร แต่แบบมาขโมยตำแหน่งหลวงพ่ออ่ะ ไม่ให้อภัย โกรธ	",anger
"@hjong183cm หยุบหยับตามใจคุณฮงค่ะ หยุบหยับไม่โกรธหรอก??	",anger
"ไม่โกรธที่แหกจ้อนนะ แต่ไม่โอเคกับการแหกแล้วเอาชื่อสถาบันเข้ามาเกี่ยวข้อง คือมันเป็นเรื่องที่ไม่ควรอะ #เหี้ยสร้างภาพ https://t.co/ODNTVXqaln	",anger
"ตอนนี้ผมได้แต่โทษตัวเองว่าพยายามไม่มากพอ ผมแม่งโกรธตัวเองหวะ TT	",anger
"@aunbbb กุหิวมากกก โกรธ โกรธทุกคนที่ส่งรูปอาหารมา!	",anger
"@M2544V โกรธอ่ะโกรธมากกกก!! ก็แค่อวบๆไม่ถึงกับอ้วนอ่ะ	",anger
"พอจะหายโกรธก็โกรธกันไปมา เอ้อ ชีวิตหรรษาดี	",anger
"โกรธแม่อ่ะ 555	",anger
"""..แจ็นสัน แชมมี่ แกล้งกันแรงแค่ไหนแม่งก็ไม่เคยโกรธกันเลย มีความต้องการเพื่อนเหี้ยๆแบบนี้อย่างแรง ?????? "" https://t.co/0qnlVU6VeZ	",anger
"@JUINDY92 มันเป็นวิธีแกล้งแฟนให้โกรธ  จะได้ตามง้อ  เวลาน้องมันงอนแล้วน่ารักไง  บู้ววว https://t.co/zBoyx4wgqw	",anger
"พูดผิดได้ แต่อย่าผิดคำพูด
ตกต่ำได้ แต่อย่าเสื่อมทราม
สามัญได้ แต่อย่าสามานย์
โรแมนติกได้ แต่อย่าเริงร่าน
โกรธได้ แต่อย่าก่อเรื่อง

(คำจีน)	",anger
"เคยโกรธจนจะร้องไห้ปะหะ:&lt;	",anger
"แบ๊วนี้ เธอขึ้นกล้องมาก เราให้ผ่าน เรารักคิ้วเธอมาก ฝากบอกพี่ช่างแต่งหน้า อย่าเอาที่เขียนคิ้วมาทับมัน เราโกรธ https://t.co/wGKZfLc7rv	",anger
"ไม่ชอบคมที่โกรธไม่มีเหตุผล	",anger
"ไม่ชอบอ่ะ - - ไม่พูดละกัน โกรธ	",anger
"เห็นซีนนี้มา 3 รอบ โกรธทุกรอบ	",anger
"นี่โกรธกันตั้งแต่ชาติปางก่อนหรือป่าวค่ะ ทำกะพี่อ๊อฟได้ 555 หน้าพี่คริสนี้เมามันมาก พี่มาร์ชก้อเช่นกัน #KristPerawat https://t.co/JCldmjhd5e	",anger
"คือโมโหมากตรงที่เป็นเมนด้วยไง มาหลอกเมนเรา คิดว่าจะให้อภัยง่ายๆหรอ นี่จนจบภาคไปแล้วก็ยังโกรธวิโอล่าอยู่นะบอกเลย	",anger
"ไปๆมาๆไม่รู้ว่าตอนนี้ฉันล่อลวงเด็ก รึเด็กล่อลวงฉันละ /ทำบาปตอนแก่แล้วววว /แม่ต้องโกรธฉัน ทำไมลูกสาวแรด ??	",anger
"อึดอัดทุกที ถ้าจะมีแต่กลัวผิดคำพูดก็บอกเลยว่าไม่ต้องกลัว ไม่โกรธอ่ะ มันไม่ใช่เรื่องที่กูจะโกรธ คือถึงขั้นนี้แล้วอ่ะ จะกั๊กทำไม	",anger
"ถ้ามึงมาเห็นนี่รับรู้ไว้เลยกูโกรธไอ่สัด	",anger
"จริงๆได้ Top5 ก็พอใจแล้ว คือวงไม่ได้คัมแบค ชนะก็เคยชนะแล้ว ไม่ได้มีแรงฮึดแบบฟควงเด็กๆด้วย ได้แค่นี้ก็เกินคาดแล้วอ่ะ #TeamSuperJunior	anger",anger
"แปลกดี ทำไมคนชม 99 คน คนด่า 1 คน เราถึงไปโฟกัสกับคนที่ด่ากัน จริงๆ มันก็ต้องยอมรับว่าไม่มีทางที่จะทำให้คน 100 คนพอใจได้ ก็ช่างมันก็ได้	anger",anger
"บางคนชอบใช้คำพูดเสียดสีแดกดันคนอื่น พอเขาไม่พอใจก็หงายการ์ดพูดเล่นแค่นี้ไม่ได้หรอ พูดเล่นกับปากหีไม่ได้มีเส้นอะไรบางๆกั้นอยู่หรอกนะ อีควาย	anger",anger
"เมนคนอื่นไม่ยุ่งดินี่ทนมามากเกินพอล้ะนะไม่ใช่แค่ฉันคนเดียวที่ไม่พอใจนะเพื่อนๆฉันก็ไม่พอใจเธอมากกว่าฉันอีก.วงวารรร	anger",anger
"TOP: YG เป็นคนอ่อนไหวมากๆ เขารู้สึกไม่พอใจตอนที่ผมบอกว่าอาหารที่โรงอาหารบริษัทงั้นๆ แหละ	anger",anger
"ความรักที่ดีคือความรักที่ต่างหวังดีต่อกัน ห่วงใยกัน แม้แต่ตอนไม่พอใจอีกฝ่าย	anger",anger
"เบื่อพวกล้อเล่นคนอื่นแรงๆแล้วคนอื่นเค้าไม่เล่นด้วย พอเค้าไม่พอใจ ก็แทนที่จะหยุดหรือขอโทษ กลับมาพูดว่า 'ก็แค่ล้อเล่นเฉยๆป้ะ จริงจังไปได้'	anger",anger
"@MisterHeartz เด็กเหลิงเงี้ยล่ะพี่ โอ๋นะคะ ดุบ้าง ใครไม่พอใจก็ช่างหัวมัน	anger",anger
"เกิดเป็นแทยอนมันลำบากค่ะ แค่ไหนถึงจะพอใจพ่อฟานี่คะ จะเด็กจะโตก็ไม่พอใจสักภาคเริ่มทำตัวไม่ถูกแล้วค่ะ #โลลิซรฮ2 https://t.co/uVjHIbGFLN	anger",anger
"ไม่ใช่คนอารมณ์สูง ยังไงดี โกรธแล้วก็เก็บอารมณ์เป็น ไม่เคยด่าใครจนพอใจแล้วกลับมาปกติ เพราะมีคนเคยทำแล้วเพื่อนเกลียดหมด #TeamGOT7	anger",anger
"เหมือนฌอนจะไม่พอใจที่ผมเจอแฝดพี่ยังไงก็ไม่รู้ครับ (ทำหน้าคิด) https://t.co/wfKrysgX1q	anger",anger
"??????ไม่พอใจก็ไม่ไปต่อจริงไหม เเต่ขอร้องอยากให้มาลองก่อนเเล้วจะรู้ว่า ของอร่อยไม่ขึ้นอยู่กับหน้าตาเอิ๊กๆ. อวยตัวเอง???? https://t.co/48L11Di2vK	anger",anger
"ผ่านแล้วว?(????/).?:+?
ยอดนักแจวอันดับหนึ่ง แด่เหล่าฝีพายมือฉมัง เรือเล็กอาจจะไม่สำราญ แต่เราพอใจที่จะแจวต่อไป!! https://t.co/bjC5SHC97u	anger",anger
"พี่พอใจ.... ไม่หรอก ไม่ #TeamNCT	anger",anger
"อินได้ไม่ว่านะ แต่อินถึงขั้นมาด่าศิลปินของอีกฝาก แฟนคลับเขาก็ไม่พอใจเป็นธรรมดาครับ ตั้งในฐานของคำว่า สติ เนอะทุกคน #Onegativeรักออกแบบไม่ได้	anger",anger
"ยูริโอะชนะก็จริง แต่เพราะ FP ของยูริคะแนนมากกว่าเลยไม่พอใจ กลายเป็นแรงกระตุ้นให้คราวหน้าทำได้ดีกว่าเดิม	anger",anger
"แต่บอกหน่อยเหอะ ไม่พอใจเรื่องอะไร นี้เป็นห่วงนะเว้ย ??	anger",anger
"@IgnisrpTHbot เอาจริงๆ ฉันไม่พอใจตั้งเเต่นายเห็นสุนัขสำคัญกว่าพวกฉันเเล้วล่ะ *จริงจังมากๆ* เเต่พวกนั้นก็น่ารักดีจริงๆนั่นเเหล่ะ.. ฮืม..	anger",anger
"สองคนนี้ดีกันตั้งแต่เมื่อไหร่ ? เห็นเจ๊ Paris แกง่อนแง่นไม่พอใจที่ Kim K. ดังกว่า ห่างกันไปพักนึง ไหงมาโผล่งานคริส https://t.co/lpiV8PBZ7d	anger",anger
"@Visamantra ตีพุงเจ้าคืนด้วยแรงเยี่ยงจิบิ/ ข้าเองก็จะทำตามใจข้าอยู่แล้ว เจ้าไม่ต้องบอกหรอก /กอดอก/ ข้าจะตอบแทนเจ้าจนกว่าจะถึงจุดที่ข้าพอใจ	anger",anger
"ไม่ชอบความรู้สึกแบบครึ่งๆกลางๆ รักก็ไม่ใช่ พอเค้าหายไปก็คิดถึง
เค้าทักบ่อยไปก็รำคาญ แต่พอเห็นเค้าไปคุยกับใครก็ไม่พอใจ .	anger",anger
"@talataa_ แล้วจะมาพิมทำไมเลิกแล้วไม่พอใจอ่อวะกุเจบเข้าใจป่ะกุเจบเว้ย	anger",anger
"ในทางกลับกัน แค่ตูออกอารมณ์นิดเดียว ออกทางสีหน้าบ้าง ออกทางการกระแทกข้าวของแสดงค.ไม่พอใจบ้าง ไม่ถึงกับคว่ำแม่งทั้งบ้าน โดนเละจ้า	anger",anger
"คืออยากได้บ้าน คนนั้นก้อจะเอาตรงนี้ คนนี้ก้อจะเอาตรงนั้น กูคนจ่ายตังค์ อยากได้ตรงนี้ ไม่พอใจ เดินไม่สะดวกโน่นนั่นนี่ เห้ออออออ	anger",anger
"วี หนูไม่พอใจของขวัญตัวเองหรอลูก555555 #บังทันเป็นวงตลก #บังทันจ๋าอาร์มี่มาแล้วจ้ะ #รณรงค์ให้วีมีสติ #BTS #BTSV https://t.co/zhT1PMKTUC	anger",anger
"ปีนึงก็มีแค่วันเดียวปะวะ ที่กูกล้าทักมึง ยังจะทำเมินกูอีก เมินกูมา 4 ปีแล้วยังไม่พอใจใช่มั้ย	anger",anger
"ไม่พอใจคำพูดที่เรียกวงป้าโดยที่เค้าไม่ดูหนังหน้าคนในวงเค้าเลยว่าบางคนหน้าแก่กว่าลีดวงชั้นอีก	anger",anger
"เซเลปอันฟอลกันยังเป็นข่าว คือก็จริงนะ ไม่เชื่อหรอกใครที่บอกว่าอันฟอลกันเฉยๆเพราะเบื่อไม่ได้มีอะไรข้องใจ มันต้อง issue ที่ไม่พอใจกันซักอย่าง	anger",anger
"""สวยขึ้นไม่ได้แปลว่า สวยแล้ว 
ผอมลงไม่ได้แปลว่า ผอมแล้ว 
อย่าภูมิใจกับอะไรง่ายๆ อย่าพอใจกับอะไรผิดๆ"" ... https://t.co/UfxH0Jmxdl	anger",anger
"ไม่พอใจก็ไป พอใจจะคุยก็มา ไม่เลย ไม่มีค่าเลยครับแม่555555555555555	anger",anger
"ชอบคนที่พูดตรงๆ มีไรก็บอก ไม่พอใจอึดอัดไรก็บอก เพราะบางอย่างเราก็ไม่รู้ว่าที่เราหวังดีมันอาจจะไปทำร้ายเขาก็ได้	anger",anger
"ชีวิตทำงานไม่ยาก แค่หาตัวเองให้พบว่าอยากจบมาจะทำไรจริงๆ และขอให้ได้เพื่อนร่วมงานดีๆก็พอใจแล้ว  ยาววววววว 140บอไม่หมด https://t.co/IKRmqHdAjb	anger",anger
"@imyourjhx ทดลองมาเป็นแฟนหนูเร๊ว ไม่พอใจเดี๋ยวหนูเป็นแฟนพี่คืน!??5555555 มะง่วงเลยค้าบพี่ล่ะ??	anger",anger
"เราอยู่ในจุดที่ทุกคนพอใจไม่ได้	anger",anger
"คือไม่พอใจกูก็หนีอย่างเดียวอ่ะ	anger",anger
"@EHW_GravesW ""เหมือนถ่อมตัวเลย ใช่มั้ยครับ"" มองเพื่อนนะ หรี่ตาแบบไม่ค่อยจะพอใจนัก ""เป็นนักกีฬาน่ะไม่มีทางเต้นไม่ได้หรอกครับ""ดีดนิ้วตามจังหวะ	anger",anger
"ถ้าเจอพ่อแม่บ่นเรื่องเด็กได้ 80 แล้วยังไม่พอใจคะแนนลูก 
กุจะพาพ่อแม่มาเรียนคณะวิศวเลยค่ะ จะได้รู้ว่าเต็ม 100 มีน -2 เป็นยังไง	anger",anger
"ต้องการอะไรจากสังคม ถ้าคนส่วนมากไม่พอใจการกระทำเมิงก็ควรพิจารณาตัวเองก่อนป่ะ ไม่ใช่เอาแต่ด่าคนอื่น ลำไย	anger",anger
"@KaeNbangpo เห็นหน้าแล้วแบบต้องไม่พอใจอะไรอยู่แน่ แล้วเจอรูปคุณจีฮุนพอดี 5554	anger",anger
"บางครั้งการที่เราชอบใครสักคน ก็ไม่ได้จำต้องให้เขามาชอบเรากลับหรอก แค่ได้อยู่แบบนี้ก็พอใจแล้ว	anger",anger
"ถ้าไม่พอใจอะไรก็พูดมา ไม่ใช่มาตึงตังใส่มันน่ารำคาญ ปากก็มีพูดเถอะค่ะ จะได้เคลียๆไปให้จบ ทำตัวเหมือนเด็กไปได้	anger",anger
"โตกว่าแต่วุฒิภาวะเด็กกว่าเยอะมาก ไม่พอใจไม่พูด แต่จะทำทุกอย่างเสียงดังเรียกร้องความสนใจ ได้ข่าวว่าอายุ50แล้วเนอะ แก่แล้วนะคะ	anger",anger
"ส่วนภาษากายอื่นๆก็อย่างเช่น เวลาที่งงหรือไม่เข้าใจ ก็จะเผลอกระพริบตาปริบๆ เวลาไม่พอใจก็จะทำหน้ามู่ เมื่อก่อนเวลาเขินมากๆจะเอานิ้วบีบจมูกด้วย	anger",anger
"พอใจเปนคนแรกที่เอชเล่นมุกฟายอะไรแล้วน้องไม่เคยขำเรย 55555555555555555555555555555555555	anger",anger
"ไม่ได้แพ้ แค่ไม่พอใจ https://t.co/wJ37xwE9TA	anger",anger
"@siblorjaehyunx อือใครจะไปเหมือนน้องซัลเฟตที่อยู่ๆก็ทิ้งพี่ไปอะคะ งงไม่พอใจ	anger",anger
"@babyxljeno เป็นคนดีรู้จักคุณค่าของเงินดีจริงค่ะ ควรค่าแก่ความสามี รึเปล่า?? 5555555 โชคไม่เอฟและคะแนนผ่านเกณฑ์ก็รู้สึกพอใจมากแล้วจริงๆ??	anger",anger
"""ถ้าไม่รัก"" ก็เทไป ..
แต่ถ้าพอใจก็เอาไลน์มา 555555. ??????
#มุขเสี่ยวคนโสด #แคปชั่นเด็ด #มุขเสี่ยวเกี้ยวหนุ่ม #แคปชั่นอ่อย #มุขนี้ฟังแล้วเขิน ??	anger",anger
"ไม่พอใจยินดีกอดคืน https://t.co/tti9ihSGY0	anger",anger
"ต่อให้รองเท้าลื่นแค่ไหน ก็ไม่เป็นอุปสรรคต่อชานยอล.... ขอแค่ได้เดินข้างๆแพคฮยอนก็พอใจแล้ว ??????

[CR : fixedstar_yeol] https://t.co/rSwYrSYEiZ	anger",anger
"นี่ไม่ชอบคนแซะด้วย ไม่พอใจไรก็พูด หรือถ้าทำไรผิดไปก็มาบอกได้ แต่อย่าแซะ ถ้าไม่กล้ามาบอกก็อยู่เงียบๆไป	anger",anger
"@_preeyost อืม บอกยังไงก็อ้วนอยู่ดี จะเอาไรอีก จะให้กูอ้วนจนเดินไม่ได้หรอถึงจะพอใจ ไปไหนก็ไปเถอะ #TeamGOT7	anger",anger
"ใครบังคับให้หนูใส่คะ
ไม่พอใจก็ไม่ต้องไหมคะหนู https://t.co/cvqPWo2hPA	anger",anger
"ไม่พอใจ  #TeamBTS	anger",anger
"ไม่พอใจก็เรื่องของมึง	anger",anger
"ถึงจะไม่พอใจคิวบ์ แต่ผมรักเด็กในคิวบ์นะ 5555555 #TeamBTOB #TeamCLC	anger",anger
"มนุษย์มีความลำเอียง ถ้าพอใจใครจะพยายามมองข้ามเรื่องที่ไม่ชอบใจไปได้ แต่ถ้าเกลียดปุ๊บ แม้แต่คำพูดปกติของเขา ยังหาจุดที่ไม่ชอบได้เลย	anger",anger
"นอกจากนัยต์ตาที่ยังคงฉายแววความไม่พอใจแล้วก็ไม่มีอะไรบอกได้อีกว่าเธอกำลังรู้สึกอะไร คิดอะไร เพราะใบหน้าที่เรียบเฉยนั่นดูไร้ชีวิตมานานเกินไป	anger",anger
"ราวกับเวลาผ่านไปนานแสนนานทั้งๆที่มันเพิ่งผ่านไปเพียงไม่กี่วินาทีนัยต์สีฟ้าสุขใสฉายแววไม่ค่อยพอใจออกมาอย่างเห็นได้ชัดกว่าปกติ ""...""	anger",anger
"สายตาที่มองอย่างนั้นเหมือนไม่พอใจ	anger",anger
"เป็นความสัมพันธ์ที่ไม่อึดอัดในการอยู่ และพอใจที่จะไม่มากไปกว่านี้	anger",anger
"วันนี้ก็จัดไปหลายคนอะ พูดไม่ฟัง ด่าซะ แล้วจะมาไม่พอใจไม่ได้ด้วย ก็คุณพูดไม่ฟัง	anger",anger
"ใส่40ค่ะ พอหลวมๆ ไม่พอใจใครจะได้สะบัดฟาดปากง่ายๆ ... https://t.co/2mb3XfGKWs	anger",anger
"อยากมีรายได้เดือนละหลายแสน ไม่เจอปัญหาก็แปลก สิ แต่คนส่วนใหญ่เลือกที่จะไม่เผชิญกับปัญหา ขอพอใจกับเงินแค่หลักหมื่นพอ แต่กูไม่พอ จอบอ	anger",anger
"@mgxkodlhor วันไหนพี่อยากได้พี่รีเควสมาเลยครับ แบบเฮร้ยน้องรักวันนี้พี่แฮปปี้ว่ะของเพลงคิ้วท์ๆที ไม่พอใจก็เปลี่ยนได้	anger",anger
"ชอบเวลาทำหน้าแบบนี้เหมือนกัน หน้าแบบไม่พอใจใครมากอะ 555555 #TeamGOT7 https://t.co/6oL0ULtjPG	anger",anger
"เราพอใจที่จะรู้เท่าที่คุณอยากให้รู้
จะไม่ไปค้น ไม่ไปหา ทำอะไรที่พยายามเกินไป	anger",anger
"อะไร?มาส่องกูแล้วตัวเองไม่พอใจไปชวนทะเลาะกันเองนี่คือความผิดกู?ว่างั้น ปัญหาอยู่ที่มึงไม่ใช่กู ปญอ เลิกส่องดิสัส โรคจิตอ่อ?	anger",anger
"@182cor ใครบอก ไม่เอาอ่ะ ฉันพอใจในสิ่งที่มี/ขำหน่อย ก้าวเท้าช้าลงตามจังหวะเพลงที่จบลง/..นี่ เลซี่	anger",anger
"ความพอใจของพ่อแม่มีแค่ให้ลูกบวชเกาะชายผ้าเหลืองพอใจแล้ว พอลูกสึกไปพาเป็นกะเทยก็ไม่เป็นอะไรขอให้ลูกเป็นคนดีก็ดีแล้ว แม่งงงงงง	anger",anger
"เหมือนบางคนเข้ามาแท็กแอนตี้เพื่อจะแซะแอนตี้อ่ะ เอ้าาาา แท็กก็บอกอยู่ว่าแอนตี้ ละเข้ามาส่องแล้วไม่พอใจก็ไม่ต้องทำ ใครเขาบังคับเธอ?? #antitwice	anger",anger
"จะมาลำไยบอกว่ากูอย่างงั้นอย่างงี้ไม่ได้นะจ๊ะะะ ตอนแรกๆงี้ เห็นกูไม่อะไรหน่อย เอาใหญ่ - - แล้วนี่บอกไปแล้วทุกอย่างว่าไม่พอใจนะ (3)	anger",anger
"ขอบคุณที่เข้ามาทักฉันเห็นเขาอยู่ตรงนั้นสายตาที่มองมานั้นเหมือนไม่พอใจ #TeamSNSD	anger",anger
"เป็นว่านผู้สดใสร่าเริงมากๆ และก็เป็นว่านผู้โหดร้ายได้มากกว่าที่คิดเช่นกันถ้าไม่พอใจอะไร อุอิ (2)	anger",anger
"ไม่พอใจอะไรมาพูดกับกูตรงๆได้ปะวะ อย่างน้อยก็คิดหน่อยว่าเคยเป็นเพื่อนกัน	anger",anger
"ไม่ต้องชอบทุกอย่างที่เราชอบก็ได้ แค่พอใจที่เราเป็นเราก็พอ	anger",anger
"พี่จินดุน้องวี พี่จินไม่โกรธที่วีเช็ดเสื้อพี่จิน แต่พี่จินไม่พอใจที่วีทำเสียงดังแทรกในอีทจิน ?? #jinv https://t.co/R3TmmMQlyB	anger",anger
"เราจะไม่พอใจทุกครั้งที่คนอื่นผิดสัญญากับเรา
เเต่เรากลับเฉยชา เวลาเราผิดสัญญากับตัวเอง

สัญญากับตัวเองไว้ยังไง 
ทำไมไม่ทำตามสัญญา	anger",anger
"ฮิ [ ฮิ ] : หมายถึง เรื่องมาก , ตำหนิ , ช่างเลือกมาก, ไม่ถูกใจ, ไม่พอใจ, ไม่ชอบ	anger",anger
"เพื่อนประเภทนี้ก็น่าเบื่อเหมือนกัน มีอะไรแล้วไม่พูด ไม่ชอบอะไร ไม่พอใจอะไรก็ไม่บอก เห็นล่ะรำคาญ	anger",anger
"@xomini22 เพราะถ้าแจกเจอตบค่ะ และถ้าไม่พอใจเดี๋ยวมีปลิวนะคะ ฝันดีค่ะ	anger",anger
"นี่พอใจหนังหน้าตัวเองตอนนี้มากอะ จากที่เคยพังเพราะครีมตลาดนัดตอนนี้กลับมาแข็งแรงสิวไม่ขึ้นไม่ผุดแล้ว บอกเลยมีวันนี้ได้เพราะอินนีสฟรี	anger",anger
"แค่อยู่ในมุมนี้ฉันก็พอใจ เพราะฉันรู้ว่าเธอคงไม่ได้คิดอะไร.. https://t.co/dirVtgFjaG	anger",anger
"ประมาณว่า ยินดีที่ไม่รู้จัก ไม่รู้จักรู้แค่ว่ารักก็พอใจ #Teamexo	anger",anger
"@heytenx ได้เลยครับ ไม่ต้องรีบพอใจก็ได้ ผมจะได้นอนกอดพี่นานๆไง	anger",anger
"เดโม่เสร็จไปก็เกือบครึ่งละมั้ง แต่เพื่อนเห้นแล้วจะพอใจหรือไม่นี่อีกเรื่อง ไม่ไหวแบ้วนะ ;_;	anger",anger
"?! นกคนเดียวไม่พอใจ พาดพุงเพื่อนเฉย	anger",anger
"สามารถไม่พอใจไรได้บ้างอะคะคนดี แต่จริงๆแค่เห็นหน้าก็พอใจละ	anger",anger
"@jaehyunxtails ถ้าไม่พอใจให้ทดลองใช้ต่อจนกว่าจะพอใจมั้ยครับ??	anger",anger
"มีตั้งหลายเรื่องที่เราไม่พอใจตัวเอง	anger",anger
"จริงๆตั้งแต่ได้ผัวคริส (a.k.a.นังรูดี้) ก็ไม่ได้เล่นอีกเลย 5555 พอใจแค่นั้น แต่คงกลับไปเผื่อฟลุ๊คได้แฝด	anger",anger
"5555555555555555555555555555
คนได้ไม่พอใจ คนให้โคตรภูมิใจเลย 
#ยุนกิพ่อทุกสถาบัน #พี่จินเป็ยคนตลก #บังทันเป็นวงตลก https://t.co/Uhp65ZOZS1	anger",anger
"กูเริ่มจิกกัดนี่คือไม่พอใจนะ ควรรู้ตัวค่ะ!!	anger",anger
"#ผมนี่แหละกล่าวว่า ""สิ่งสำคัญของการมีใครสักคน ไม่ใช่เขาเป็นคนดีสมบูรณ์แบบแค่ไหน แต่เป็นเขาเข้ากับเราได้ไหม และเราพอใจในตัวเขาเพียงใด"" #สาระ	anger",anger
"เวลามีปัญหาหรือไม่พอใจใคร ทำไมคนเราไม่ค่อยเลือกที่จะถามหรือบอกกันตรงๆ เพื่อจะได้รับคำอธิบายกลับมาตรงๆ แล้วความหงุดหงิดคาใจที่มีจะได้หายไป	anger",anger
"พี่ชานนนน ทำไมตลกอ่ะ หน้าไม่พอใจไม่เท่าไรไปตีจงแดทำไมมม นิสัยไม่ดีเดี๋ยวฟาดเลยนะคะ	anger",anger
"ปกติหน้าก็นิ่งอยู่แล้วแต่ถ้าไม่พอใจจะเพิ่มความเย็นชาลงไป #TeamGOT7	anger",anger
"เลยเข้าใจเลยว่า ความพอใจ ความถูกใจ มันขึ้นอยู่กับบุคคลที่ทำจริงๆ ไม่มีมาตราฐานของความพึงพอใจในตัวมนุษย์	anger",anger
"แค่ไม่ติดลิมิตก็พอใจแล้ว  #TeamGOT7	anger",anger
เพื่อนทักแชทมา ดูมีความสุขกับการมีตัวคนเดียวเนอะ... เอ้าอิเหี้ย,anger
ถามหน่อยว่ากูเคยมีความสุขจริงๆ ความสุขจากใจกูเคยมีกี่ครั้งในชีวิต,anger
เพื่อนทักแชทมา ดูมีความสุขกับการมีตัวคนเดียวเนอะ... เอ้าอิเหี้ย,anger
มาทำให้มีความสุข แล้วก็มาเอาความสุขทั้งหมดของเราไป โชคดีนะ ขอให้เธอมีความสุขกับสิ่งที่เลือก,anger
ครั้งคะแนนโทเฟลก็คงเอาไปโม้กับผปคคนอื่นอีกแหละ แค่ไม่มีหลักฐานให้เห็น เห้อม ชีวิตมีความสุขหรอวะ,anger
ดันไปแซะคนที่เขาอยู่บ้านอยู่หอช่วงวันหยุดเฉยอะคุณ รู้ได้ไงว่าเขาไม่มีความสุข งั้น เอ่าาแย่หน่อยนะคุณ เอาตัวเองเป็นศูนย์กลางแบบนี้จุๆน่าสงสาร,anger
ถ้าคิดว่ามีความสุขก้ทำไป.,anger
"บางคนเค้าไม่ได้ทวีตเศร้าตลอดป่ะ เค้าแค่เล่นทวิตตอนเค้ารู้สึกแย่
แค่อยากระบาย มันเลยดูเศร้าทุกทวีตไง ตอนมีความสุขใครเค้าจะสนใจมือถือกันล่ะ",anger
มีความสุขกับเขามากๆล่ะ,anger
