"text	 ",EMO
"สิ่งที่ทำเวลาไม่มีเงินคือเริ่มย้อนคิดว่ากูเสียเงินไปกับอะไรบ้างแล้วก็นึกเสียใจว่ากูซื้อมันมาทำไมวะเงินไม่เพิ่มที่เพิ่มคือความเศร้า	",sad
"บางทีก็ไม่เข้าใจตัวเองเลยตอนแรกก็เหมือนจะอารมณ์ดีอยู่ แปปๆดิ่งลงแบบเศร้ามากไม่รู้เศร้าอะไรหม่นไปหมดทั้งนอยด์ทั้งเฟลทั้งเบื่อ คือเป็นไรไม่รู้	",sad
"มะกี๊คุยกันถึงเรื่องโรคซึมเศร้า ก็เลยถามจะมีอาการเป็นไง น้องบอกข้อแรกมาว่าจะเบื่ออาหารไม่อยากกินไร สรุปข้อแรกกูก็ไม่เป็นและ จบ	",sad
"อนุญาตให้ตัวเองเศร้าเถอะ มันไม่เป็นไรหรอก	",sad
"สาวสุดเศร้าส่งสุนัขขึ้นเครื่องเตรียมกลับประเทศ กรงหลุด จนท.ยิงตายคาสนามบิน
เกาหลีใต้มั้ยล่ะมึง มนุษย์นี่น่ากลัวเนอะ	",sad
"มิ้นไม่เศร้ากูเอฟซีมึงนะ	",sad
บทเศร้านี่มีให้ไม่เคยเกินสองนาทีนะเรื่องนี้ดราม่าบ้างก็ได้โอ้ยยยยย,sad
เศร้าเว่อ,sad
"ไม่ชอบตอนกำลังอารมณ์ดี กำลังมีความสุข แล้วจู่ๆก็มีเรื่องเศร้ามาฉุดอารมณ์ให้ดาวน์อ่ะ แล้วหลังจากนั้นอารมณ์กูแม่งก็ดาวน์ไปเลยทั้งวัน	",sad
"ตอนนี้เศร้าจังอารมณ์เพลงพาไปล้วนๆ	",sad
ช่วงนี้ไม่ได้อ่านนิยายที่เป็นเล่มๆ เลยเศร้าสอบอีกละห่า,sad
"เธอคือเรื่องเศร้าที่สุดที่เคยทำให้ฉันยิ้มได้	",sad
"เหมือนจะมีความสุขนะแต่ก็ไม่แต่ก็ไม่ได้ถึงกับเศร้าอะไรขนาดนั้น	",sad
"อยากมีแฟนจัง แต่ไม่มีใครมาจีบเลยค่ะอห.เศร้าฉิบหาย	",sad
"เมื่อวานกลับไปอ่านหลงเลยเตรียมแก้แล้วด้วย โอ้โห คิดถึงประธานแต่ร้องไห้ก็ร้องไม่สุด นี่ว่าจะกลับมาแก้ตรงที่เศร้าๆ เอาให้สุด เอาให้ร้องงอแง	",sad
"เศร้าก็อย่าฝืนยิ้ม แต่ทุกข์ก็อย่านาน ความทุกข์เจอแล้วก็ปล่อยผ่าน อย่ากอดเก็บเอาไว้	",sad
"แม่งเครียด เครียดจนพาล พาลเครียดทุกเรื่องคิดมากทุกเรื่อง เศร้าไปหมด เรื่องจุ๋มจิ๋มก็เครียด หนังตลกก็เครียด เครียดดด!! #dek60 #โควตามข	",sad
"เคยคุยกับใครแบบไม่มีสถานะป่ะ คุยทุกวันเหมือนแฟนแต่ไม่ได้บอกรัก เวลาหายไปไหนก็คิดถึง แต่หวงหึงไม่ได้ จะว่าเศร้าก็เศร้าแต่ก็มีความสุขที่ได้คุย	",sad
อยากเมาให้ไปกินเหล้า อยากหายเศร้าให้มากินเรา,sad
"บางครั้งกูก็หัวเราะไปงั้นแหละ ยิ้มไปงั้นแหละ จริงๆในใจแม่งเศร้าจะตายห่า เศร้าแบบหมดอาลัยตายอยากมาก แต่ก็เสือกแกล้งว่ามีความสุขต่อหน้าคนอื่นๆ	",sad
"ดูแลตัวเองเพื่อคนที่รักเราดีกว่ามัวแต่เศร้าเพราะคนที่เค้าไม่ได้รัก	",sad
"และเราก็รู้ทุกอย่างมันน่าเศร้า	",sad
ฟิคนี่บทจะเศร้าก็งื้อออ บทจะเขิลก็งุ้ย,sad
"เคยอ่านบล็อกของคนที่เป็นโรคซึมเศร้าคนนึง เขาเขียนว่าเคยเกรี้ยวกราดชอบขว้างปาข้าวของใส่คนรัก ดีที่คนรักเขาเข้าใจ ความเกรี้ยวกราดก็เป็นสัญญาณ	",sad
ตอนแรกบอกใจตัวเองว่ากับคนนี้เล่นๆนะแต่ตอนเขาไปกูเศร้าทำไม,sad
น้องดูมีความสุข ถึงผมน้องจะสั้นมากจนพี่เศร้ามากแค่ไหน แต่พี่ก้จะมีความสุขตามน้องนะ ฮรืออออออออ,sad
"กูไปถามละสายไฟเบอร์มาไม่ถึง ต้องเสียค่าต่อสายอีกหลายร้อยเลยอะเศร้า	",sad
เศร้ากว่าไม่มีคือเคยมียังต้องการมึงกลับมานะเว้ย,sad
"พี่พูดว่า ไม่ไหวก็บอกไม่ไหว การร้องไห้มันไม่ได้อ่อนแอขนาดนั้น บล็อกตัวเองว่าไม่เป็นไรมันไม่ได้ ถ้ามันเป็นก็ต้องบอกว่าเป็น เศร้าก็บอกเศร้า	",sad
เผื่อใครไม่เคยฟังพี่เอกร้องเพลง เพราะอยู่นะ แต่เพลงที่อัพล่าสุดแอบเศร้านะพี่นะโบ๊ะบ๊ะแฟมิลี่ ,sad
อาการที่จุกกับอารมณ์ใดอารมณ์นึงที่เศร้าๆครับ,sad
"รู้แล้วครั้งนี้รักคือตัวการ
ทำคนเบิกบาน ให้กลายเป็นเศร้า	",sad
เศร้าเสมอเมื่อเกรดออก,sad
"สิ่งที่น่าเศร้าที่สุดในชีวิตผู้หญิงคนหนึ่ง
คือการยอมลดคุณค่าตัวเองลง
เพียงเพื่อผู้ชายแค่คนเดียว
- เอ็มม่า วัตสัน https://t.co/OMp26Sefbr	",sad
ดูอาการมัควันนี้นางเป็นโรคซึมเศร้ารึเปล่า ไม่พูดไม่จา  แบมก็พูดไม่หยุด ช่างเหมาะสมกันจริ๊งจริง,sad
"แทมินไปอยู่ตรงไหนได้บ้างคะซิส ไปร้องเพลงก็โดนไล่มาว่าเป็นเมนเต้นมาร้องได้ไง พอมาเต้นอย่างที่ถนัดก็โดนไล่มาว่ามายังไงอะหลงยุคเหรอ เศร้าแทนเมน	",sad
เยริร้องไห้ตอนอ่านจดหมายค่ะ แล้วพอทุกคนเศร้าตามก็ทำสดใสแล้วก็บอกว่า เราไปเรื่องอื่นกันต่อนะคะ ทุกคนก็บอกว่า,sad
"ลองนับ ๆดูเหมือนว่าจะมีโคบังไม่พอไปถึงโอคาเนะฮิระเศร้าแปป	",sad
"คนที่ไม่เข้าใจอาการของโรคซึมเศร้าก็คงด่า อีนี่บ้า โมโหร้าย อย่าไปยุ่งด้วย ใครจะรู้ว่าเป็นอาการของโรคซึมเศร้า เพราะไม่ได้ซึมหรือเศร้าให้เห็น	",sad
ไม่รู้จะเสียใจหรือหน้าแหกดีอะ,sad
เสียใจเพราะคนเดิมๆไม่รู่กี่ครั้งละ,sad
"คนที่เฉย อาจเป็นคนที่เสียใจมากที่สุดก็ได้	",sad
"บทเรียนราคาแพง ไม่ใช่บทเรียนที่เสียเงินมาก แต่เป็นบทเรียนที่เสียใจมาก	",sad
"เคยผ่านมาได้กับความรู้สึกที่เสียใจมากๆ ก็ทำให้เรารู้สึกเก่งขึ้น	",sad
"เห็นเค้ารีวิวสตกคุณนอทซัมเมอร์แล้วน้ำตาไหลมาช้าไป ไม่ได้สั่ง ฮรึก เสียใจ แงงงง	",sad
"คนที่รับฟังเรื่องที่แย่ๆในชีวิตเรา แล้วเขารู้สึกเสียใจกับสิ่งที่เราพบเจอมา ถ้าเจอคนแบบนี้อย่าปล่อยเขาไปง่ายๆนะ	",sad
โคตรดีแต่ในไทยคนดูน้อยมาก เสียใจที่บทดีๆถูกคนมองข้าม เพียงแค่นักแสดงไม่เป็นกระแสในไทย ไม่มีบทรักๆใคร่ๆหวือหว่าแบบฟินจิกหมอน,sad
พี่ไม่เสียใจที่เป็นลีดเดอร์ของเมมเบอร์ เราก็ไม่เสียใจสักนิดที่เป็นโซแอลเป็นผู้หญิงของ เพราะซูโฮมีคนเดียว,sad
"ต่อให้ไม่มีแฟนก็ไม่เสียใจนะ เรารู้ว่ายังมีจีมินแล้วก็บังทันทำให้เรายิ้มแล้วก็หัวเราะได้อยู่ พอถึงเวลามีเดี๋ยวก็มีเองแหละแฟนอ่ะ	",sad
"ก็แอบแย่นะ เป็นคนที่ชอบกั๊กความรู้สึกตัวเอง ชอบสร้างกำแพงใส่คนที่เข้ามาหา อาจเป็นเพราะว่าเคยเสียใจจนพังมาก่อน ถึงไม่ยอมเปิดใจง่ายๆ	",sad
"พอเสียใจบ่อยๆ ก็จะรู้ว่า.. เสียใจได้ แต่อย่าเสียใจและเสียเวลากับมันนาน	",sad
"ถ้าโรงเรียนอื่นรู้ว่าจริงๆโรงเรียนนี่มันเป็นยังไงเขาคงเสียใจกับไร่ผักชีนี้	",sad
"เจะร้องไห้เสียใจ..หลังจากพี่ชายลากกระเป๋าออกจากบ้าน af ..?? #songtriplets https://t.co/1w6QCgG6tI	",sad
"บางเรื่องนี่พูดไม่ได้เลย มีแต่เสียใจทั้งสองฝ่าย	",sad
"เป็นคนที่เสียใจก่อนเสมอ
แต่ก็มักจะออกมาได้ก่อนเสมอ	",sad
"อย่าดราม่ากันเลยจ้า คนที่ไม่ได้ไปเขาก็คงมีเหตุผลหลายอย่าง เราก็รู้แหละว่าอยากให้ไปกันเยอะๆอินจะได้ไม่เสียใจ แต่บางคนก็ไม่พร้อมจริงๆไง	",sad
"ทำไมรร.ต้องพรากวันศุกร์ไปจากเรา แม่งเสียใจ	",sad
"@GingGoy4 งื้ออออ เสียใจ	",sad
"ดีใจกับเพื่อนที่ติด เสียใจกับคนที่ไม่ติด	",sad
"เฮ้ออย่าพูดถึงเรื่องนี้อีกเลย มันเป็นความผิดพลาด ยิ่งคิดยิ่งเสียใจ	",sad
"เราได้ยื่นไปแล้ว เรากล้าที่จะมอบโอกาสให้ตัวเองแล้ว ดีกว่ามาเสียใจทีหลังนะ ปล. ถ้าไม่ติดรับตรงจริงๆ รอบแอดยังมี สู้นะคะ เด็ก 60 เจอกันนะ ??	",sad
"เสียใจจริงๆ	",sad
"@priwpriww พึ่งไปดูมาค่ะ คนเอาไปหมดแล้วไม่ทัน เสียใจมีแต่ตัวสวยๆ งือๆ	",sad
"@itchaxhoshi นกเลยฮือเสียใจ	",sad
"อย่าเอาความสุขไปฝากไว้กับใคร อย่าให้ใครมาเป็นความสุขของเรา เพราะถ้าวันนึงเค้าหายไปคนที่เสียใจก็คือเรานั่นแหละ หัดมีความสุขด้วยตัวเถอะ	",sad
"เป็นคนที่แบบดีใจ-เสียใจ-มีเรื่องตื่นเต้น บลาๆ โทรหาแม่อะไรๆก็คือโทหาแม่หมด คือชีวิตนี้ไม่ว่าจะดีใจเสียใจ แม่นี่ทุกอย่างของชีวิตจริงๆ?	",sad
"ฉันเสียใจ	",sad
"รู้สึกคุ้มค่ามากๆ มีทั้งเขินเศร้าร้องไห้ตลก ครบรสจริงๆ ภูมิใจแทนนักแสดงที่ถ่ายทอดเรื่องราวออกมาได้ดีขนาดนี้ อยากให้ทุกคนได้ไปดู?????? #พรจากฟ้า	",sad
"เคยย้อนไปอ่านทวิตของตัวเองแล้วรู้สึกเศร้าไหม เศร้าจนรู้สึกสงสารตัวเอง มึงดราม่าอะไรขนาดนั้น มึงควรต้องพบจิตแพทย์ .	",sad
"เศร้างะ	",sad
"ไม่ชอบมองดูใครเศร้า ไม่ชอบจริงๆ	",sad
"ไม่แน่ใจมันจะเศร้าก็ไม่เศร้า มันหน่วงๆ	",sad
"ก็เสียใจนะที่ไม่ได้อยู่ตรงนั้นกับแกแล้ว แต่ถ้าอยู่คงเสียใจมากกว่านี้	",sad
"ถ้ามึงพร้อมจะเสียกูกูก็พร้อมจะเสียใจ	",sad
"แล้วจะเสียใจที่ทักมา คุณโดนเทแล้วรู้ตัวซะด้วย หึหึ	",sad
"@washimario @PSaechai หยดน้ำกาม บนหยาดน้ำตา.......เศร้าจริงๆโลกใบนี้	",sad
"@garishpraew เศร้างะเกรดดด	",sad
"@aguinne เสียใจด้วยค่าา มีเจ้าของแล้ว https://t.co/7VlHzMqfSH	",sad
"เสียใจนะแบบเสียใจมากเลย	",sad
"แต่ปฏิเสธงี้เพื่อนกูเสียใจนะ คนขอด้วยสัสเก็บเศษหน้าแทบไม่ทัน ._.	",sad
"ขอบ่นหน่อย เสียใจ	",sad
"ต่างคนต่างสนใจแต่เรื่องของตัวเอง ตัดสินใจเอาเอง มันยากตรงไหน ไม่เห็นต้องมาพูดเลยว่าไปสิ ไม่ไปเดะผู้เสียใจ คือเรื่องของใครก็เรื่องของมันไง	",sad
"@rapkooks เจอแบบนี้เสียใจเรยนะ เอาคำว่าคีสถึงคืนมาค่ะ	",sad
"@bampyst พี่ผักเสียใจเรื่องนี้มีเหี้ยหลายตัว55555555555555	",sad
"ชั้ลไม่ต้องการใครอีก ดวงดาวทั้งฟ้าต้องเสียใจและไม่มีสิ่งไหนสวยงามตาอไป๊๊๊ https://t.co/K9ESoM8VTO	",sad
"ไม่ได้เศร้าขนาดนั้นมั้ยอะ -.- ดราม่านิดหน่อย เจอเพลงเศร้าเข้าไปอีก ผมนี่น้ำตาคลอ	",sad
"มันกลายเป็นว่าเราเศร้าเรื่องที่เขาทำให้คุณเศร้า	",sad
"เมื่อความเศร้ามาเยือนอีกครั้ง ยินดีต้อนรับด้วยความเงียบงัน	",sad
"@mew_kamova กูจะหายเศร้าถ้าให้กูยืม2000	",sad
"เสียใจแต่ทำอะไรไม่ได้	",sad
"เจ็บที่ยังรู้สึก เจ็บที่ยังเสียใจ	",sad
"กูจะซึมเศร้าเรื่องคะแนนสักพัก..	",sad
"เศร้า เด็กหญิง 6 ขวบเล่นปืนพ่อ ลั่นถูกพี่สาววัย 7 ขวบดับสลด
https://t.co/tmLkhlBivq	",sad
"@luchalotte เศร้าเหรอเศร้าไรว่ะตั้งใจอ่านสือไปลู่ ????	",sad
"@callxyeonjung เศร้าใจเสียใจน้อยใจ เห้อมมม..	",sad
"อีข้าวนี่จะรีอะไรเศร้าขนาดนี้! กูจะร้องไห้ละเนี่ย	",sad
"@agentppupae คนไม่เสียใจไม่ใช่ไม่เจ็บ อะฮิอะฮิ	",sad
"@got7_market ขอสถานที่ใหญ่กว่านี้ได้มั้ยคะ คราวที่แล้วไปไม่ทันเสียใจ	",sad
"เราแจกแล้วไม่มีใครแจกเราบ้างเหรอ เสียใจ ?? #HolupItsBobbyDay https://t.co/J5ymfA5Mpp	",sad
"อื้งๆ565555555555555555555ใจๆ เสียใจก็เก็บไว้ในใต เวลาพุดก้ต้องดูเพิ่ลด้วยว่าเท่าไรน้อหน้าอย่างมันงี้ดูโง่ๆ	",sad
"@nuttanunya เศร้านะเพื่อนนะ	",sad
"อ๋อยยย ซันวู (กวางซู) ได้เจอพ่อแล้ว แต่เจอตอนตายไปแล้วความจริงเผยแล้ว นางเอกน้องชายกวางซู ฮรือออ จาล้องห้ายยยยยยยยยย #Hwarang เศร้าเกินไปปปป	",sad
"@bbhyx_ ไม่เป็นไรงับ ช่วงนี้ดูพี่เหนือเศร้าๆน้า	",sad
"เออ รงคิดถูกแล้วล่ะที่ออกจากวง ถึงตอนนั้นน้องจะเสียใจมาก ร้องไห้ฟูมฟาย แต่พอตอนนี้ก็เข้าใจละ ดีใจด้วยนะคะ ??	",sad
"@hronkaix  ช้านเสียใจจจจจจ แค่ฉันไม่มีเงินเองง	",sad
"ปากดีไม่มีกูจริงๆแล้วจะเสียใจ	",sad
"กูเสียใจมากอ่ะทำไมว่ะ	",sad
"@Suga_everywhere โอ้ยฮือออ เสียใจแรงงง~ น่าจะเอาไว้แจกลูกค้า 555555	",sad
"@NoharPaiare เลาเสียใจฝุดๆ	",sad
"เเต่บางที ย้อนมองกลับไปเมื่อก่อน ความเสียใจที่มีครั้งนั้น เป็นเหมือนลมที่มันพัดผ่าน ผ่านพ้นไป ก็ลืมไปเอง	",sad
"@tycraftx เป็นผู้รักษาประตูกันไม่ได้นะเนี่ย ไม่รับกันเลย เสียใจแระ	",sad
"จะเลิกเต๊าะแล้วครับไม่อยากให้ใครเสียใจอีก เข็ดแล้ว	",sad
"@CrushTH ??????????
เสียใจด้วยนะคะ แต่ไม่เป็นไรนะคะ ไม่ว่าจะอัพที่ไหนหรือยังไงก็จะตามไปดูให้ถึงที่เลยค่ะ เป็นกำลังใจให้นะคะ ;___;	",sad
"เป็นคนที่เสียใจกับสิ่งที่ไม่ได้ทำ. มากกว่าสิ่งที่ได้ทำจริงๆแหละ เฮ้อ	",sad
"@Jasmilezo แต่ทริปแท๊ปก้อเศร้าในไอจีไง เราก็เลย งง 5555????	",sad
"ถึงเวลาคงเศร้าแบบงงๆ แบบอ่อถึงเวลาแล้วหรอวะ จบแล้วสินะ ไม่เจอกันละนะ งี้หรอวะ	",sad
"ไม่เสียใจ แต่กุเศร้า	",sad
"ฮืออออเสียใจ	",sad
"กูเสียใจ	",sad
"นี่ก็คิดตลอด ถึงจะเจอแต่คนไม่ดีบ้าง เสียใจมาเยอะบ้าง แต่พอมีคนดีดีเพื่อนดีดีอยู่ด้วย มันก็รู้สึกโชคดีมากๆแล้ว	",sad
"เม้นไม่ทัน เผลอกดรีเฟรช เสียใจ 5555	",sad
"ชีวิตกูเศร้า เพราะกระเป๋าไม่มีตังค์	",sad
"เป็นเรื่องน่าเศร้าจริงๆ	",sad
"@py_x97 ไม่ได้ไปกินกับเพื่อนนานมาก เสียใจ
ต้องไปนะก่อนจบ	",sad
"พวกที่กลัวคนเทเยอะ ไปน้อย งานจะล่ม ศลป.จะเสียใจนี่คิดใหม่ได้ค่ะ
ยอดไม่ตามเป้า อล.ยกเลิกแล้วหาพาร์ทเนอร์ใหม่มาจัดใหม่ได้ #หมั่นโถวโถ่วชีวิต	",sad
"@Noey__ntp กูไม่เจอแม่มึง แม่มึงเลยจำกูไม่ได้ เสียใจ	",sad
"ที่ไม่ยอมมีใครสักทีก็เพราะกลัวเสียใจนี่แหละ กลัวมากเกินไป	",sad
"@NoharPaiare เลาไม่เสียใจแล้วก็ได้ เพราะพายอาร์เลยนะเนี้ย	",sad
"ตอนนี้โคตรซึมเศร้า โคตรเหวี่ยง โคตรวีน ฮือ อีฟีนคุด อีเวร	",sad
"จะมีใครเหมือนเรามั้ย ร้องไห้ตั้งแต่ตอนวีกะนาย พอได้ยินเสียงเพลงพระราชนิพนธ์อยู่ๆก็น้ำตาไหล ทั้งที่ฉากไม่ได้เศร้าเลยอะ #พรจากฟ้า	",sad
"นี่ฟังเฉยๆ ยังร้องไห้อ่ามึง เพลงเหี้ย เศร้ามาก	",sad
"ที่สุดของความเสียใจ คือห่วงใยแต่เค้าไม่ตอบกลับ	",sad
"ชีวิตที่ดีไม่มีทางลัด เราต้องก้าวผ่านความผิดหวัง ผ่านความเสียใจ เพื่อวันที่เราจะเข้มแข็งขึ้น และเดินไปจนถึงปลายทางได้	",sad
"เรื่องมันเศร้า ขอเหล้าเข้มๆ	",sad
ทำไมลมหนาว ถึงเศร้าขนาดนี้วะ ??,sad
"@CatsRSoft ซึมเศร้า เวลาอาการมันมาทีมันหนักมากนะ เรารักษาอยู่ กินยาทุกวัน มาเดือนหนึ่งเเล้ว	",sad
"@LEECASX เพลงนี้แบบดีต่อใจมากๆถึงจะเศร้าๆ แต่เพราะมากจริงๆ ฮืออออ	",sad
"มีใครให้เศร้ากว่านี้มั้ย	",sad
"จากนี้จะพยายามไม่ขอและคาดหวังอะไรจากใคร อยากได้อะไรจะทำด้วยตัวเองจะได้ไม่ผิดหวัง ไม่เสียใจ เพราะใครอีก	",sad
"จะต้องเสียใจอีกกี่ครั้งถึงจะพอ	",sad
"ไม่รู้นะ แต่รู้จักคนที่เป็นโรคซึมเศร้านะ เขาก็ไม่เคยมานั่งโพสท์ว่าเป็นอ่ะ แต่เอาเวลาไปรักษาสภาพจิตใจตัวเองจนดีขึ้นๆ	",sad
"ถ้าเปลี่ยนเพลงก็คงไม่เศร้าขนาดนี้.... 555555555555555555 https://t.co/sEdRI1qgDm	",sad
""" ถึงแม้ภายนอกฉันอาจจะยังไหวน่าเศร้าที่ภายในฉันแหลกสลายไปเสียแล้ว """,sad
"เคยยิ้มให้ความคิดถึงไหมมันเศร้านะ แต่ก็ไม่อยากร้องไห้แล้ว .	",sad
"ร้องไห้ได้ แต่ต้องเลิกร้องได้เหมือนกัน 
เสียใจได้ แต่วันนึงมึงต้องดีขึ้น #จำไว้	",sad
"เสียใจที่สุด	",sad
"ไม่ชอบเค้าหรองื้อเสียใจนะอีสัด	",sad
"การแดกจะเยียวยาทุกอย่าง ไม่ว่าเศร้าเสียใจ มึงแดกเข้าไปมึงก็มีความสุข	",sad
"ทนความสัมพันธ์ห่วยๆ ไม่ได้ ทนความเห็นแก่ตัวของอีกคนไม่ไหว ไม่ต้องทำไรมาก แค่เดินออกมา เททุกอย่างทิ้ง เสียใจตอนนี้ดีกว่าเสียใจเรื้อรัง	",sad
"@Faai_Butterfly  เสียใจเท่าไหร่เสียน้ำตาเท่าไหร่ แค่คิดว่าไม่มีใครขอให้บอก	",sad
"บ๊กจูเศร้า อีพี่จุนก็เศร้าตาม #WeightliftingFairyKimBokJoo https://t.co/4zDlOCg3l3	",sad
"อยู่ในโหมดความโสดแล้วฟังเพลงเศร้า55+	",sad
"@_cxaneol เศร้าอะครับ ขอลมหนาวอยู่ด้วยอีกนิดได้ไหม 55555555555555555	",sad
"เป็นตอนที่โครตเศร้าและเศร้าโครตๆ ดูกี่ทีก็เหมือนเดิม TT #HARRYPOTTER https://t.co/iYHmQPE6Lu	",sad
"""ก็เสียใจนะที่ไม่ได้อยู่ด้วยกันแล้วแต่เราทั้งคู่อาจจะเสียใจมากกว่านี้ถ้ายังอยู่ด้วยกัน""	",sad
"กลับมาบ้านทาร์ตหมด คือ...อยากกินไม่ได้กินเลยอ่ะ กลับมาดึกทุกวันพอจะกินก็โดนว่า พอกินช้าก็อด.....เสียใจ....	",sad
"เอาจริงๆคือรอดูลูก แต่ลูกไม่โผล่ในเอ็มวีเลย เศร้า 5555555555555	",sad
"เศร้าเหี้ยไรตอนนี้ เหลือเวลาอยู่ด้วยกันอีกตั้ง 4 วัน ไปเศร้าเอาวันสุดท้ายนู่นค่ะอย่ารีบกร่อย	",sad
"@plbuaem เสียใจด้วยค่ะคุณเสมอที่คุณบอสไม่เล่นทวิต https://t.co/wNQa8hJnG2	",sad
"ยอมรับว่าโง่จริง วอนอย่าด่าเยอะ 
เพราะประกาศเกรดแล้ว แค่รู้เกรดก็เสียใจมากแล้ว ??	",sad
"@aidphanu เศร้าใจทำไมนะ อย่าร้องไห้อีกเลย มะม่วงจิ้มเกลืออร่อยมากนะยูว์ รักมึงอีควาย??	",sad
"@Shawol_Mint โห สงสารเราดิ อยากช่วยเพื่อนแต่ไม่มีประโยชน์มันน่าเศร้าจะตาย เหมือนโดนท่านพี่ด่า you are nothing ข้าโศกายิ่งนัก	",sad
"แวะไปบ้านเจอเรื่องสลด หมาบักดำตายแล้ว  รู้สึกเศร้าใจ	",sad
"แต่เสียใจมากๆเลยนะ
เวลาทะเลาะกันแล้วถูกเรียกว่ามึงอะ	",sad
"ไม่เสียใจ กับการตัดสินใจเมื่อคืน ถึงแม้ว่าผลที่ตามมา มันจะไม่ใช่อย่างที่เราคิด ก็ไม่เป็นไร แต่ตอนนั้นเรามีความสุข ก็พอแล้ว	",sad
"บ้าปะอีเหี้ยคนเสียใจก็ต้องร้องไห้มั้ยอะ จะให้ถางหญ้าแทนร้องไห้หรา	",sad
"บอกเสียใจเพื่ออะไร ในเมื่อเธอก็ทำร้ายหัวใจฉัน	",sad
"กูก็คน กูก็เสียใจเป็นนะ เฮ้ย!	",sad
"เป็นคนขี้น้อยใจนะ คำพูดอะไรเล็กๆน้อยๆถ้าเป็นจากปากคนในครอบครัว เพื่อน หรือแฟน มันก็เสียใจหมดแหละ	",sad
"@SEANXM__ เสียใจครับ มาปลอบหัวใจดวงน้อยๆของพี่เลยนะ	",sad
"อย่าแสดงความเสียใจให้กับคนที่ไม่เห็นค่าเรา #จำไว้	",sad
"บอกว่าไปเเล้ว ต้องการให้มึงบอกว่า อยู่ก่อน ไม่ใช่ ไปโล้ด เเล้วมึงจะไม่เสียใจจริงๆใช่มั้ย	",sad
"จะทำให้เครื่องบินเกิดอุบัติเหตุ !? สาวไทยสุดเศร้า สุนัขแสนรักถูก จนท.เกาหลีใต้ยิงตาย  #คมชัดลึก  ... https://t.co/MSEHmYIdQb	",sad
"ไม่นานมานี่เพิ่งอ่าน quote อันนึงว่า ""เรื่องน่าเศร้าในโลกของผู้หญิง คือพวกเธอมัวแต่เกลียดกันเอง"" https://t.co/77WWocGJC3	",sad
"@ppc_tangkwa กูทั้งเหงาทั้งเศร้าทั้งบ้าโอ้ยศรีธันยายังไม่รับกูเลย555555	",sad
"วันที่กูเศร้ามีแค่ตัวกูเนอะที่ยุคิดจะหายยยมึงหายไปเลยค่ะเลิกติดตามกูบล๊อคกุไปเลย??กูไม่แคร์วะ https://t.co/I4mFtfdvnQ	",sad
"บ้านบ๊กจูกินข้าวกันอาก็เริ่มคุยสร้างบรรยากาศเพราะพ่อกับบ๊กจูดูเศร้าส้อยเหลื๊อเกิน เละก็เลิกกินข้าวกันไป  #WeightliftingFairyKimBokJoo	",sad
"จะไม่เสียใจเลย ถ้าวันนึงเธอจะปล่อยมือเราไป แล้วไปจับมือกับใครอีกคน
ถ้าคน คนนั้นเขาไม่คิดจะปล่อยมือเธอ	",sad
"เศร้า แบบเดิมๆ ปัญหาที่ไม่อยากบอก ความรู้สึกที่กลัวว่าบอกไปแล้วมันจะพัง	",sad
"นิเธอ ๆ ไหนลองแกล้งโทรหาเราหน่อยสิ เราสงสัยเหลือเกินว่าโดนตัดสัญญาณไปแล้วหรอ ทำไมมันไม่มีคนโทรหาเลย เศร้าจัง !  ????	",sad
อย่าคิดถึงเขาในวันไม่เขาไม่คิดถึงเราแล้ว.,sad
"เลิกเศร้าๆๆ เขามีความสุข แต่เรามาเศร้าอยู่คนเดียว ออกไปทำตัวให้ครื้นเครงกัน ????	",sad
"ตกลงน้องที่ช่วยหมานี่ได้ทุนจริงปะ ถ้าเอาข่าวมั่วๆจากเว็บคลิกเบทไปออกทีวีนี่น่าเศร้านะ 555555	",sad
"ปีนี้ค่อนข้างล้มเหลวกับเรื่องความสัมพันธ์ซึ่งพูดตรงๆ เราค่อนข้างเสียใจที่มันพัง	",sad
"@bbbbb93_ ตอนนี้ยิ่งกว่าาา เค้าปิดไม่ให้ข้ามแล้ว ตรงมุมเกษตร บังคับเดินไปขึ้นสะพานลอยตรงอุโมง เสียใจ	",sad
"เสียใจที่ไม่มีสิทธิ์ยื่นคณะที่อยากเรียน แค่เพราะคณิตไม่ผ่าน จะให้ลุ้นไรวะ	",sad
"ก็เสียใจนะ ที่เดินมาด้วยกัน แต่เหมือนถูกทิ้งไว้กลางทาง แล้วเขาเดินไปหาคนอื่น แต่ก็ทำไรไม่ได้อะ เขาเดินไปแล้ว	",sad
"ไม่บอกหรอกกลัวทายถูกเเล้วมานิโต้เเกเสียใจ55  55555555555 ขรรมส์ไม่ไหวล้าวววว อยากให้ถึงวันที่จะให้เร็วๆจังงง อยาก https://t.co/LTzACifsys	",sad
"เสียใจก้เสียใจนะแต่คนนี้กูจะปล่อยให้ไปไม่ได้แล้ว	",sad
"หนูสมัครรับตรงของมก.ไม่ได้เพราะแกทอิ้งคะแนนไม่ถึง เสียใ  เอาความเสียใจที่เกิดขึ้นเป็นแรงผลักดันให้เราพยายามต่อไป https://t.co/BUXdqT6zj8	",sad
"สนุกมั้ยที่มาเล่นกับความรู้สึก #คงตัวคนเดียวสิเรา  รู้สึกเสียใจ	",sad
"อืม เมื่อไหร่กูจะเลิกเสียใจให้มึงสักที	",sad
"ขอกลับมารักอปป้าเหมือนเดิมละกัน จะได้ไม่ต้องเสียใจอีก?? https://t.co/z9r6H5zmHM	",sad
"@CrushTH  เสียใจด้วยค่ะ เสียดายจัง สู้ๆนะคะ	",sad
"ฉันไม่ต้องการใครอีกดวงดาวทั้งฟ้าต้องเสียใจและ ไม่มีสิ่งไหนสวยงามต่อไปตราบที่โลกนี้มีคนอย่างเธอ ?? https://t.co/1qGOGq3PWw	",sad
"161221 #NFlying instagram update คือว่า ผมชอบอิเล็คทริกกีตาร์มากกว่าอะคูสติกครับ ฮ่าๆ ถ้าลงแต่อะคูสติกจะรู้สึกเสียใ https://t.co/zqT6Q7FvFE	",sad
"ทุกวันนี้เสียใจยังไงก็อดทนเอาโตแล้วแสดงออกเยอะก็ไม่ได้	",sad
"แค่รู้จักมึงก็เป็นเรื่องน่าเศร้าของชีวิตกูมากพอแล้ว	",sad
"ชีวิตแม่งเศร้า เหล้าก็ไม่มีจะกิน #คำคมในวงเหล้า #แคปชั่นเด็ด	",sad
"พูดถึงเกรดแล้วเศร้าทุกที ฮืออออออออออออออ มึงอย่าออกมาทำลายความสุขกูได้ม้ายยยยยยยยย ฮือออออออออออออออออ	",sad
"จมปลักกับความเสียใจที่เก้บมานาน	",sad
"ไม่อยากมีแฟนค่ะ กูเบื่อเวลาอารมณ์ตอนกูหึงกูหวง ตอนกูน้อยใจ ตอนทะเลาะ ตอนเสียใจ ตอนร้องไห้ กูเบื่อทุกอย่างอ่ะ... https://t.co/xtix0HGMwM	",sad
"อึดอัดได้ เจ็บได้ เศร้าได้ แต่อย่าลืมที่จะยิ้ม :)	",sad
"คิดถึงจังเด็กบ้า ?? #เศร้า #ขอเธอคืน https://t.co/QYzm32H80Q	",sad
"สิ้นเดือนทีไรเศร้าใจทุกที ห่อข้าวไปกินดีมั้ยเนี่ย	",sad
"@Anamika_Newnang เพื่อนจริงจัง เพื่อนจะเป็นโรคซึมเศร้าแล้ว	",sad
"ที่พิมพ์55555 ไปไม่ใช่ไรหรอกแค่ไม่อยากให้ใครรู้ว่าเศร้า	",sad
"โคตรเสียใจ ฮืออออออออ ตั้มไม่ย้ายได้ไหมอยู่กับพี่ตองก่อน ??????  #ตองตั้ม	",sad
"บอกตรงๆ โคตรเสียใจ.	",sad
"@gamthestar เสียใจ อุตส่าห์ตั้งใจจะไปขอนแก่นเลย. คราวหน้าเนอะ????	",sad
"ซูโฮ ""ถ้าได้เกิดใหม่อีกรอบ ผมก็ยังอยากเป็น EXO อีกครับ ผมไม่เคยเสียใจที่เป็นลีดเดอร์ของเมมเบอร์ของผมเลยสักนิดครับ"" https://t.co/SEpwtya7wU	",sad
"มีความอยากเจอออออ ????
ร้องไห้เสียใจ

@Hunz_IPH 

มาเชียงรายทั้งที งื้ออออ	",sad
"ผลจากการเชื่อใจใครมากๆแล้วสุดท้ายก็ต้องเจ็บเอง เสียใจเอง แม่งทำให้กูกลายเป็นคนไม่ไว้ใจไม่เชื่อใจใครง่ายๆไปซะเฉยๆ .	",sad
"ที่พูดไปทั้งหมดกูไม่ได้โมโห กูเสียใจ	",sad
"แงไๆๆๆๆๆเสียใจจังง	",sad
"@chaxn__ @krystalskillx เสียใจนะ??	",sad
"@saranya2545 เธออออ ฉันนกหมวกอย่างแรง ฉันเสียใจจจจ	",sad
"อยู่ดีดีก็เศร้าตอนคิดว่ามีคนเป็นหมื่นเป็นแสนที่แจ็คสันสนิทใจด้วย แต่แจ็คสันอาจเป็นแค่ไม่กี่คนในชีวิตที่มาร์คให้ความ https://t.co/Vv7jIZpjhz	",sad
"อ่านเรื่องนี้แล้วเหมือนเป็นไบโพลาร์ ยิ้มๆอยู่ อ้าว ตัดเศร้าเฉย	",sad
"@crazy_got7 เคยเสิร์ชหาแล้ว แต่หาไม่เจอเลย เศร้า ??	",sad
"แต่นั่งเก้าอี้รถไฟฟ้าแล้วขาลอย คือแบบ...เศร้าจริงจัง	",sad
"ปากบอกคนอื่นว่า ไม่เป็นไร โอเค ไม่เสียใจ แต่ลึกๆแล้วป่าวเลย กูยังอยู่ที่เดิม	",sad
"@ycxzxac @JORSOR_ น้องเสียใจแงงง ลืมเชคตาราง ฮืออออ	",sad
"ถ้าย้อนเวลากลับไปได้ ก็ไม่ขอแก้ไขอะไร เพราะทุกอย่างที่ทำลงไป คิดดีแล้ว แต่ถ้ามันเกิดข้อผิดพลาด ไม่เสียใจ ยอมรับกับผลลัพธ์	",sad
"55555555555555555555เศร้าเลยว่ะ55555555555555555555 สมน้ำหน้าตัวเอง	",sad
"@BPooK92 ตอนนี้พี่ไม่ค่อยสบายอ่ะ เศร้า TT	",sad
"ฉันยิ้มสู้ ให้กับความเศร้า	",sad
"140922 เป็นวันที่เห็นรูปพรีวิวเซฮุนที่สนามบินหงอยๆ ดูเศร้าขนาดนี้ แล้วก็เป็นวันที่ลู่หานออกจากวง.. cr.rememberselu https://t.co/baCspbCPLY	",sad
"จะสอบละหึๆๆ ไม่รู้เรื่องเลยย ช่างน่าเศร้ายิ่งนัก เกรดข้าาาาา โอ้ยยยยย??????	",sad
"เรื่องเศร้าม้ะกี้นี้ ยังไม่ทันได้รีของแจก เค้าประกาศคนได้ไปแล้ว อ้าว เห้ยย ไม่ทัน 5555	",sad
"หมดใจก็ให้รีบบอกมา เพราะความล่าช้า ไม่ได้บรรเทาความเสียใจ?
#แคปชั่นเด็ด #คำคมในวงเหล้า #แคปชั่นโดนๆ #ประโยคแซ่บแคปให้ด้วย #แคปชั่นเศร้า	",sad
"วันที่ผมเสียใจ พ่อพูดแค่ว่า ""มึงจะเสียใจทำไม กูเป็นพ่อมึง กูยังไม่ด่ามึงเลย จะไปแคร์อะไรกับคำพูดคนอื่น""-โจอี้ บอย http://t.co/EiOXOuf4vM	",sad
"@GZBeeR_BF เสียใจจจ พน.ว่างมั้ยจะชวนไปแกรมมี่	",sad
"ไม่อยากเสียใจซ้ำซากแล้วนะ	",sad
"#หมั่นโถวโถ่วชีวิต บัตรอีเจี๊ยบแพงสุดยังแค่7000เลย เสียใจด้วย แพ้9000หมั่นโถว https://t.co/0Kc8sAlWhQ	",sad
"รักสามฉันเศร้าคนเดียว	",sad
"เศร้าจัง  #ตองตั้ม https://t.co/dbtWjJJ8Ac	",sad
"เพลงเศร้าจนก็จะร้องล่ะนิ	",sad
"ไม่มีความสุขเลยหว่ะ อารมณ์หม่นๆเศร้าๆไปหมด??	",sad
"กูเศร้ากูเสียใจกูต้องมีแผนด้วยหรอ คือไรอะ	",sad
"พ่อบอกว่าเราดูโตขึ้นกว่าตอนอยู่กับพ่อแม่ ดูเป็นผู้ใหญ่ขึ้น รู้สึกดีมั้ง แต่ก็รู้สึกเศร้าอยู่ลึกๆ เรากำลังจะเป็นผู้ใหญ่แต่เขาอายุมากขึ้น	",sad
"เสียใจจจจ จริงจังงง	",sad
"พนง: มีปัญหาอะไรถึงยกเลิกคะ
ลค: ของสามี เขาตายแล้ว
พนง: เสียใจด้วยนะคะ
ลค: เสียใจทำไมคะ ตายๆ ไปดีละ
วอท ททททท 5555	",sad
"ถ้าเขาพร้อมจะเสียกู กูก็พร้อมจะเสียใจ.?? 
#แคปชั่น #แคปชั่นเด็ด #แคปชั่นเสี่ยว #ประโยคแซบแคปให้ด้วย  #คำคมโดนๆ #คำคมในวงเหล้า #แคปชั่นเศร้า	",sad
"แต่ไม่ได้ก็ไม่เสียใจทำเต็มที่แล้วเกรดอยู่ปลายปากกาอาจารย์แล้วฮะ	",sad
"140922 วันที่โครตเจ็บเลยเดินมาโดยไม่มีพี่ลู่ ตอนนั้นพี่ชานกับสตาฟช่วยพยุงน้อง วันนั้นฮุนไม่ร่างเริงเลย ฮุนไม่ยิ้มเล https://t.co/o3vzTYSzv2	",sad
"@payabehyun041 เศร้าเพราะมันจบหรือเพราะมันน่ากลัวอะครับ สำหรับผมนี่ให้อย่างหลังเลย	",sad
"พูดแล้วเศร้า กลัวซีประมาณสองตัว ส่วนเอนอกจากคอม (ที่มีแค่ 1 นก) แล้วดูไม่มีอนาคตเลยค่ะ... ฉี่วิดดดดดดด ฮือออออออออออออออออออ	",sad
"เหมือนทุกคนจงใจผิดสัญญาเพื่อให้เราเศร้าจนตายไปในที่สุด	",sad
"ถามมินมุงว่าอยากทำเพลงแนวไหนในบั้มหน้า นุ้งมินตอบว่าแนวมืดมนและเศร้าๆ เพราะปกตินุ้งฟังแนวนี้	",sad
"@tamu_tami29 แม่ให้วันละสิบบาท รวยได้ไงครับ เรื่องมันเศร้า	",sad
"ผิดไปแล้ว!! ไม่น่าทำแบบนั้นเลย เสียใจมากกับคำพูด ที่พูดไปทำให้เพื่อนคนหนึ่งเสียใจ #ขอโทษ ??	",sad
"ถ้าไม่จริงใจตั้งแต่แรก ก็อย่าเสียใจทีหลัง	",sad
"จริงๆก็ไม่กลัวเสียใจเท่าไหร่หรอก แต่กลัวคนอื่นจะเสียใจเพราะเรามากกว่าอะ555555??	",sad
"เสียใจอยู่ที่ได้งาน	",sad
"@TTATCHAKORN เค้าเสียใจที่อีก 0.5 คะแนนเค้าจะได้เพิ่มอีก 1 คะแนน.... พน.พยายามใหม่เนอะอายยย สู้ววววว	",sad
"เศร้า นี่หนาวอยู่วันเดียว ไม่เป็นไรใส่ไปเรียนพิเศษ ชิคๆ คูลๆ ก็ได้ &gt; ร้านเสื้อแขนยาวราคาหลักร้อย หนาวไม่หนาวก็ใส่ไ https://t.co/nhSnGopHqt	",sad
"@kyxminna เสียใจนะคะพี่จ๋า	",sad
"ชอบใคร มีแต่ผิดหวัง 
เป็นเพราะสาเหตุอะไร 
แล้วก็ เสียใจ เหงาอยู่แบบนี้	",sad
"ยากจัง ที่ต้องเก็บความเสียใจไว้ข้างใน แล้วเดินต่อไปเหมือนเราสบายดี .	",sad
"เสียใจใยใย??	",sad
"ตัดผมมาถ้าไม่บอกก็ไม่มีคนทักเล้ยย เสียใจจจ	",sad
"@RamidaMRS คือฉันเสียใจ ที่ฉันชอบทำผิดไปทุกที~~~	",sad
"เมื่อก่อนไม่เคยเหนเสียใจกับสิ่งที่ทำนะ แต่วันนี้มึงทำกูตกใจมากอะ	",sad
"ปีนี้ก็มีแค่เรื่องเดียวแหละที่คิดละก้ยังเสียใจอยู่	",sad
"เพิ่งได้ดู #พรจากฟ้า มันแบบครบทุกอารมณ์  ชอบมากตรงการตีความหมายของเพลง เศร้าสุดๆตอนที่ตัวอักษรขึ้นมา  พยายามอย่างยิ่งไม่ให้น้ำตาไหล	",sad
"พน มข ประกาศผล เป็นอีกวันที่กูต้องเศร้าสินะ5555555555555555555555	",sad
"โสดแล้วก็เลิกเศร้า มันเสียระบบ????
#โสดไม่มั่วแต่ทั่วถึง	",sad
"ถ้าเขาพร้อมที่จะเสียเรา เราก็พร้อมที่จะเสียใจ ??????????????????	",sad
"ย้อนเวลากลับไปได้จะไม่พูดกับเธอว่ามันชีวิตเราอ่ะ เสียใจ	",sad
"พ่อซื้อผัดไทยมาให้ แม่ซื้อซูชิมา เอ้าชนกัน! ละอีนี่กลัวทั่งคู่เสียใจ จะเก็บไว้กินทีหลังก็ไม่ได้เลยกินทั่ง2อัน #นอนอืด	",sad
"โตแล้ว ต่อให้เจ็บให้เสียใจขนาดไหน ก็ต้องโกหกคนอื่นๆว่า ชีวิตดี	",sad
"เป็นคนบอกเพื่อนเองว่าอย่าเสียใจ เป็นคนพูดกับเพื่อนเองว่ากว่าจะโตต้องเจอใครอีกเป็นร้อย	",sad
"?

                 ...ชีวิตมอหก เป็นชีวิตที่รวบรวมทุกความรู้สึกของชีวิต ทั้งดีใจ ตื้นตัน เสียใจ ร้องไห้ รวมไปถึงโศกเศร้าจาก #gatpat ...

?	",sad
"@mchitxmingyu พี่เมิงพูดงี้น้องเสียใจนะ ??	",sad
"ทำเพื่อไร อ่ะ #แท็กทราย  รู้สึกเสียใจ	",sad
"จงปลดปล่อยตัวเองให้มีความสุข เท่าที่ชีวิตอนุญาตให้คุณมี อย่าจมดิ่งกับความเศร้า แล้วก็เอาแต่โทษตัวเอง เพราะเมื่อวานนี้ ได้ผ่านไปแล้ว	",sad
"เศร้า	",sad
"@jinnxhwan กินแล้วครับ แต่ตอนนี้เศร้า	",sad
"ที่รีๆกันเนี่ยอยากได้ ฟตก.กันใช่ม้ะ เสียใจนะ??	",sad
"เสียใจ	",sad
"@OomjaiLOS คือไรยังไม่รู้เลยยย เสียใจ	",sad
"สงสารยุนนนนนนนนนนนนนนนนน
หลัวมาหาเรานะ หลัวไม่ต้องเสียใจจจจจ 
หลัวคงสงสัย  เรามาทำอะไรที่นี่ 5555555555	",sad
"แต่เสียใจสุดๆละวะ	",sad
"ชาวทวิตเตี้ยนนี่เหมือนเป็นบ้า เดี๋ยวบ่นเดี๋ยวเศร้าเดี๋ยวหาผัว เอ้ะ รึกูคนเดียว	",sad
"@beerty เสียใจด้วยมึงง ทำไมเสียอะ ร่างกายขาดน้ำหรอ นี่อาหารเป็นพิษประจำแต่ไม่ค่อยใส่ใจเลย ??	",sad
"ไม่เศร้าไม่อะไรหน่อยหรอ	",sad
"ทำไมรอบตัว ดูเศร้ากันจัง มันทำใก้เราเศร้ามากกว่าเก่า จากที่เป็นคนเศร้าอยู่แล้ว	",sad
"อะ ตองตั้ม T____T ว่าจิวาดรูปที่ลองอยู่เหมือนกัน เศร้าจัง คู่หู วิถีฟุตบอล	",sad
"อิผัวซ้อมเมียจนแท้ง อิเมียก็มีชู้ จ้างวานฆ่าผัว แล้วมาตีหน้าเศร้าเล่าความเท็จเนียนไปอีก ที่ว่าศีลเสมอกันเลยอยู่กันได้แม่งโครตจริง #หมอนิ่ม	",sad
"@narinrarin เศร้าจุงเรยค่ะ 5555	",sad
"จะมีแจกบัตรมั๊ย
ใจไปแล้ว แต่เงินยังไม่มาเลย
เศร้าจริงจัง
#InfiniteFanMeetinginBangkok	",sad
"เรื่องมันเศร้า เข้าเกมดีกว่า	",sad
"@wh0393te ยักจริงมั้ย เตง เตงเศร้าใช่มั้ย เค้าไม่อยากให้เตงเศร้านะ ถึงเค้าจะบ้าๆบอๆแต่เค้าเป็น??เตงนะ คือแบบ เตงคนเมื่อคืนน่ารักมากจริงๆ	",sad
"@WANGXCOMP เศร้าจนหายเศร้าแล้วครับเนี่ย	",sad
"เเรงกว่าเหล้า คือความเศร้าของกูนี่ล่ะ
#แคปชั่นเด็ด #แคปชั่นเสี่ยว	",sad
"เป็นความรู้สึกที่ฟังเพลงเศร้าไม่อิน	",sad
"เพิ่งรู้ว่าปฏิทินทอบ.มีขาตั้งก่ะรูปให้ด้วย โคตรดีงาม เริ่มเสียใจละที่ไม่ได้ซื้อ ??	",sad
"ถ้าเลือกได้ฉันไม่อยากเสียใจกับเรื่องของเธออีก	",sad
"26สค ททร้องไห้เสียใจไปซบอกเพื่อนต่างกับนช ที่ไปdinnerที่ร้านอาหารหรูทรงผมทรงเดียวกะไฟนอลโรสด้วยนี่คิดว่าปั้นเลือกนช https://t.co/1zlsHkF1JF	",sad
"กูว่ากูเก่งนะที่ตีมึนได้ขนาดนี้ เลิกเสียใจเล่ารวยใครจะทำไม	",sad
"เสียใจด้วยกับเรื่องของเรา มันไม่มีทางเป็นไปได้อีกแล้ว	",sad
"หรอ?กลัวเราเสียใจหรอ?	",sad
"ฟังเพลงวินเทอร์อซทีไรเกิดซึมเศร้าทุกที เมี่ยงเง้ย ความผิดใคร!	",sad
"ฮาา 55555555555555555 แดซอง เสียใจด้วยนะ 5555555555555555555555555555555555555555 https://t.co/wC4zwo3A8b	",sad
"เสียใจ แล้วร้องไห้ ยังไม่เท่าไร  แต่เสียใจ แล้วต้องยิ้ม เพื่อให้คนอื่นเห็นว่าไม่เป็นอะไร ทรมานแทบตายจริงๆ	",sad
"@Yui_Jsp เราเชื่อว่ามันจะมีจุดที่เรารู้สึกว่าโอเคพอแล้วที่ผ่านมาเราทำดีแล้ว แล้วเราจะไม่เสียใจกับมัน แต่จะคิดถึงมันแค่นั่นเอง	",sad
"@tiu_tatee มาช่วยเลือกเสื้อผ้าหน่อย 5555555 แกกลับมาไม่ทันเราเดินแหงงง เสียใจจจ	",sad
"ยังพยายามจะหล่อเลี้ยงความเสียใจ.	",sad
"ผู้โชคดีรายงานตัวครบทั้ง 2 คนเรียบร้อยแล้วนะคะ คนที่ไม่ได้ก็อย่าเสียใจไปน้า ขอบคุณทุกคนที่มาร่วมเล่นกิจกรรมนี้กันนะคะ ขอบคุณมากค่า &lt;3	",sad
"ไม่คิดบ้างเลยหรอว่าพูดอะไรออกมาแล้วคนอื่นจะเสียใจแค่ไหน	",sad
"คือเสียใจมากแต่งานก็โบ้มๆ อยู่ตรงหน้า	",sad
"เสียใจอะ กุเสียใจ	",sad
"เรื่องมันเศร้า เหล้ามันแพง เลยดื่มน้ำแดงแทนก่อน
#คำคมในวงเหล้า
#แฟนกูมีแต่มันไม่สนใจ	",sad
"เพลงโศกเศร้าไปไหน จากอยู่เฉยๆอยู่ดีๆ ฟังปุ้ปอกหักเลย เศร้าเลย	",sad
"เศร้าอะไรขนาดนี้ T_T	",sad
"คือแบบ กูบอกแล้วอะ มึงช้า เสียใจด้วยนะ หน้าแหก	",sad
"@damnjunhoex ไม่จีบแล้ว เรามีคนใหม่แล้ว เสียใจด้วย แบร่	",sad
"อยู่คนเดียวมันก็ดีบางทีมันก็เหงา
และหัวใจเราจะไม่ต้องไปพัวพันกับรักที่ไม่ชัดเจน
การเริ่มต้นใหม่มันยาก เพราะไม่อยากเสียใจอีกแล้ว #คิดในใจ	",sad
"B : วันนี้เราต้องจากกันแล้วสินะ ??
P : ไม่เศร้าดิมึงเดี๋ยวเราก็ได้เจอกันอีกนะ??
#BoomKrittapak #peakpeemapol https://t.co/PCazv30kFe	",sad
"เศร้าเลยนะ	",sad
"อย่าบอกว่าสูบบุหรี่ละนะ เสียใจจ	",sad
"@damnyoojungx เสียใจนะ น้ำตามาเลยอะ ดูดิส	",sad
"@PinkRomz เจ๊ด่าน้องตะไม เสียใจ	",sad
"คนที่เฉย อาจเป็นคนที่เสียใจมากที่สุดก็ได้ ?? https://t.co/YE9ukATm3Z	",sad
"หน้าหนาวกรุงเทพ ก็เหมือน""ผู้หญิง""
บทจะมาก็มา บทจะไปก็ไม่ล่ำลา

เสียใจโดนหน้าหนาวเท

Cr: น้องชายผม	",sad
"แล้ววมวจะต้องเสียใจ ที่ไม่เลือกนักเรียนดีๆอย่างพวกกูเข้าเรียน เพื่อนได้กล่าวไว้555555 ขำสาสส
#วมว #mwit	",sad
"โอ๊ยหมายิ้มเศร้าจัง	",sad
"ฟังดูดราม่าทุกวันอะนะ แต่ชีวิตเรายาก สำหรับเรา และก็ไม่ได้เศร้ามากอะไร แค่กลัว แค่มีความทุกข์??	",sad
"@ZRVEE ไม่เหมือนพ่อ พ่อนี่มือหนัก เศร้าเลย	",sad
"ว่ากันว่าเหล้าจะหวานถ้าคนกินเศร้า	",sad
"ฟังเพลงที่พี่ร้องใน soundcloud แล้วก็เศร้าเฉย #โบ๊ะบ๊ะแฟมิลี่	",sad
"แค่เสียใจคะที่พูดว่าไม่เตรียมตัว ไม่เข้าใจอะไรเลย เข้าใจคะแค่สอนคนอื่นไม่ได้แต่หนูเข้าใจคะหนูเข้าใจ	",sad
"ทุกคนย่อมเปลี่ยนไป แต่ที่เสียใจเพราะเรามัวแต่เอาไปเปรียบเทียบกับตอนแรกที่เขาเป็น	",sad
"โอ้ยยยก้เขินปืนฝุ่นอยุ่ดีอะ แต่ฝุ่นทำร้ายจิตใจปืนเกินไป เรามิอยากเห็นปืนเสียใจ ฮื่อออออ	",sad
"แล้วท้ายปีมีแต่งานประกาศรางวัลดีๆเนตบ้านไม่สามารถดูอะไรได้เลยจะร้องแม่ขาหนูเสียใจ	",sad
"ฟิคที่เศร้าที่สุดไม่ใช่ฟิคดราม่า แต่คือฟิคดราม่าที่ขึ้นท้ายบทว่า last updated 2010	",sad
"@mookbbu ไปตอนไหนก็ด้ายยยย แค่มีเวลาและเงินนนน อีเหี้ยย เศร้าแลง	",sad
"?? สังคมวงเหล้า
เวลาเศร้าเพลงก็มา น้ำตาก็มี
??ให้เธอได้กับเขาและจงโชคดี..??	",sad
"เมื่อไหร่ที่เรามีความสุขกับชีวิตเราแทบจะไม่เปิดทวิตเลยแต่เมื่อไหร่ที่เราเศร้าทำไมรู้สึกว่าทวิตเป็นที่เดียวที่ปลอดภัยที่สุด 
#twitter",sad
จริงๆคนที่วันก่อนเศร้าวันต่อมาร่าเริงนี่ไม่ใช่ว่าเขาไม่เศร้านะแต่พอเห็นอีกคนแม่งมีความสุขได้อะเลยรู้สึกว่า เออไม่เศร้าก็ได้wa,sad
ตอนเสียใจก็โหยหาความสุข พอมีความสุขก็กลัวว่าจะหายไป,sad
มีความสุขได้แค่วันเดียว หลังจากนั้นก็กลับมาเศร้าเหมือนเคย,sad
บางทีก็มีความสุขดี แต่โรคจิตชอบอัพสเตตัสเศร้าๆ,sad
"วันนี้คือวันของมึง
มีความสุขให้มากๆนะ
ขอให้กูได้เห็นมึงยิ้มเยอะๆ
อย่ามาเสียใจให้กูเห็นบ่อยๆ
รักมึงนะจ๊ะ
สุขสันต์วันเกิด
@peartunwarat",sad
เศร้าก็แค่กอดกัน มีความสุขก็คอยหัวเราะไปด้วยกัน เป็นห่วงก็คอยดูแล #เอ็มกี เป็นการแสดงออกง่ายๆของคนสองคนที่ดูอบอุ่น https://t.co/LwUO8HnzSH,sad
"การมีรอยยิ้มไม่ได้การันตีว่ามีความสุข
น้ำตาไม่ได้บ่งบอกถึงแค่ความเศร้า...",sad
คนที่คุณกำลังคุยด้วย ที่ดูเฮฮามีความสุข ความจริงเขาอาจกำลังร้องไห้หรือเสียใจอยู่ก็ได้,sad
ชีวิตของเรามีค่า ทำไมต้องเศร้าเพื่อคนอื่น ควรจะมีความสุขเพื่อตัวเองสิ,sad
"เวลาช้า เมื่อคุณรอคอย
เวลาเร็ว เมื่อคุณสาย
เวลาเหลือจะทน เมื่อคุณเสียใจ
เวลาสั้น เมื่อคุณมีความสุข
และเมื่อคุณเบื่อ เวลาแสนจะยาวนาน

Unknown",sad
ถ้ามีความสุขอย่างเดียวแม่งไม่ใช่ความรักหรอก ถ้ารู้สึกจริงๆ เราจะมีทั้งสุข เศร้า โกรธ เสียใจ ปนกันไปหมดในแต่ละวัน เพราะเขาคนเดียว,sad
"'จำได้ได้ยังไงครับ?'
'คุณพลาดตอนสะกดจิต คุณให้จำแต่ที่มีความสุขและให้ลืมคุณ แต่ทุกขณะที่คุณอยู่ด้วย เศร้าหรือลำบาก https://t.co/LAdNrlwYtn",sad
@123beam ไม่เศร้า5555555555555555555555 ฉันมีความสุขดี,sad
ไม่ได้รู้สึกเศร้านะแต่ก็ไม่ได้มีความสุขแบบมันรู้สึกอะไรก็ไม่สุดสักอย่าง,sad
"พื้นเพเป็นคนเฮฮาและมีความสุข
แต่ก็มีเรื่องเศร้าในชีวิตเหมือนกันนะ
และถ้านึกถึงเรื่องเศร้าก็ร้องไห้ได้ง่ายๆด้วย",sad
สรุปคือ ถ้าเป็นโรคซึมเศร้า ก็ไปพบจิตแพทย์เลย จะได้หาสาเหตุและทางแก้ได้ไวที่สุด ไม่ต้องเสียเวลาไปกับวิธีอื่น จะได้หายไวๆ มีความสุขเร็วๆ เนอะ,sad
เศร้ากับเรื่องๆนึง จนมาคิดว่า เราเคยมีความสุขกับเรื่องนั้นด้วยหรอวะ,sad
เวลาที่เราได้อยู่กับเธอ ได้คุยกับเธอ เรามีความสุขมากนะ แต่ความสุขนั้นอะวันนึงมันจะทำให้เราเสียใจที่สุด แล้วเราก็ควรจะหยุดมัน,sad
การที่เราทนเวลาคนอื่นเอาเปรียบหรือล้อเลียน นั่นแหละคือการ do their time คือเราทนเศร้าแต่พวกมันมีความสุข สบ๊ายสบาย #คืออย่าไปยอม,sad
"เหงาก็ไปหาด
เศร้าก็ไปหาด
อกหักก็ไปหาด
มีความสุขก็ไปหาด
หาดจะเยียวยาทุกอย่างเองจริงๆ 5555 ????
#ทีมบูรพา https://t.co/tlAJCmYKQu",sad
นี่สงสัยมานานแล้วว่าความหมายเพลงมันกำกวม คือก็รักกันแล้วจะไปไหนหรอ ดูมีความสุขร้องแบบปากยิ้มแต่แววตาเศร้า งงไปหมด แ https://t.co/jRE0re3Jvz,sad
บางทีเศร้าๆแต่อยากจะแกล้งว่ามีความสุขดีไปทำไมก็ไม่รู้เนอะ,sad
ไม่ได้เหนื่อยที่จะรอนะ แต่เหนื่อยที่ต้องเสียใจเวลานึกขึ้นได้ว่าตอนนี้เธอมีความสุขอยู่กับคนอื่น,sad
ความเศร้าที่ไม่รู้ตัวว่าได้เกิดขึ้นในสองปีก่อน มาเรื่อยๆ จนมาเจอคลิปไวน์ที่ฮีลลิ่ง ดูของแมตบ่อยมากๆมีความสุขมาก ขำขันจนความเศร้าหาย,sad
"@Aum_Thanadul (3)
มีความสุขมากๆไม่เศร้าๆ5555 เจอคนดีๆนะ ขอให้สมหวังทุกอย่างนะ อิ",sad
เพ้อไปเป็นพันเสียใจไปเป็นร้อย แต่เค้าแม่งมีความสุขกับคนอื่น,sad
ตอนนี้มันมีความสุขจริงๆนะสุขจนคิดภาพไม่ออกเลยว่าถ้าวันนึงขาดกันไปจะเสียใจแค่ไหน,sad
มันต้องมีความสุขดิแต่ทำไมตอนนี้มันรู้สึกเศร้าแบบบอกไม่ถูกอ้ะ,sad
เราแค่ขอให้คุณมีความสุข ให้เขาดูแลความรักของคุณให้ดีและนานที่สุด อย่าให้คุณต้องเสียใจอีกเลย,sad
คนกำลังจะตายทำไม..เค้าถึงอยากมีความสุข ทั้งที่รุ้ว่าตัวกำลังจะตาย...ตัวข้าก็เช่นกันในเมื่อรุ้ชะตาตัวเองจะเศร้าทำไม  จงไปให้เค้าเสียดาย....,sad
มีความสุขจนไม่ได้คิดถึงวันที่ต้องเสียใจเลย...#คบกับบอท,sad
ยิ่งตอนนั้นสนุกมากเท่าไหร่ ตอนนี้กลับรู้สึกเศร้าๆ เวลาที่มีความสุขทำไมหมดเร็วจัง อยากย้อนเวลา... ของอแง 1 ทวิต https://t.co/jk2HXUlWFw,sad
มินะร้องไห้เเล้ว5555555555 ครั้งที่เเล้วมินะร้องไห้เพราะผิดหวังเเต่รอบนี้ร้องไห้เพราะมีความสุข??,sad
ตอนมีความสุขจะทำอะไรก็ทำ แต่ถ้าเศร้าก็อย่าลืมว่าเราอยู่ตรงนี้,sad
"มีความสุข = กิน
เศร้า = กิน
โกรธ = กิน
เครียด = กิน
ไม่หิว = กิน
หิว = กิน
ไม่อ้วน= เป็นไปไม่ได้
เห้ออออออ #ตีแผ่สายกิน",sad
ดีใจที่เห็นมึงมีความสุขแล้วมึงหล่ะดีใจไหมที่เห็นกูเสียใจ,sad
"รอยยิ้มที่อสดงออกเพื่อให้คนอื่นเห็นความเรามีความสุข
ที่จริงแล้ว
อาจเป็นรอยยิ้มที่เศร้าที่สุดก็ได้. https://t.co/zA0vGSGrXb",sad
"เราเป็นผู้ป่วยโรคซึมเศร้านะ
เวลาเราอยู่กับเพื่อน
เรามีความสุข
เราสนุเรายิ้มได้
แต่พอเราอยู่คนเดียว
เราไม่โอเค
เราเหงาจนเรานั่งร้องไห้คนเดียว",sad
ถึงจะแอบเศร้าเรื่องพ่อแต่ก็มีความสุขนะ,sad
"ทนเหงา
ทนเศร้า
มีความสุขให้มากๆน่ะ
ให้มันคุ้มกับที่เราอดทน อดกลั้นมาตลอด
ให้คุ่มค่ากับที่เรา
ยอมสูญเสียแม้กระทั้ง...
ตัวตนของเราไป",sad
แล้วเค้าเปลี่ยนไบโอเพจแบบเศร้ามาก โพสล่าสุดก็ดูไม่โอเคมาก ถ้าจะสงสารเค้าก็คงเรื่องที่คนไปวุ่นวายจนเค้าไม่มีความสุขนี่แหละ,sad
ตอนเศร้ามากๆแล้วหลอกให้ตัวเองมีความสุขไม่ได้จะเป็นคนปล่อยให้ตัวเองเศร้าไปเลย ดราม่ามากๆแล้วจะขนลุกตัวเอง แล้วก็จะรีบกลับมาปกติโดยรวดเร็ว,sad
แต่การติ่งมันก็มีความสุขดีอ่ะ ไม่ได้ยึดติดอะไร ยังไงเศร้าที่กดบัตรคอนไม่ได้ ก็ไม่เท่าเศร้าที่รู้ว่าเค้าโกหกไรงี้หรอก55555,sad
จริงๆแล้วก็อิจฉาเขาทั้งคู่นั้นแหละค่ะ มีคนที่ดี คนที่เข้าใจ ดูแลกันและกัน กอดเมื่อเสียใจ กอดเมื่อมีความสุข และอีกมา https://t.co/kqtbfX9HMW,sad
อย่าใช้เวลาอยู่กับความเสียใจเป็นเวลานานๆ จำไว้ว่าตอนที่เราเอาแต่ฟูมฟาย รักครั้งใหม่ของเค้าอาจมีความสุขแซงหน้าเราไปไกลแล้ว,sad
ตอนนี้รู้สึกเพลียกับชีวิตตัวเองมากๆ มันควรจะมีความสุขมากกว่านี้อ่ะ ก็รู้นะเลือกเส้นทางนี้แล้วต้องยอมรับมันแต่ต้องสตรองเบอร์นี้เลยหรอวะ,sad
บางครั้งกูก็หัวเราะไปงั้นแหละ ยิ้มไปงั้นแหละ จริงๆในใจแม่งเศร้าจะตายห่า เศร้าแบบหมดอาลัยตายอยากมาก แต่ก็เสือกแกล้งว่ามีความสุขต่อหน้าคนอื่นๆ,sad
คิดถึงอดีตจัง  อดีตที่เคยมีความสุขมากกว่านี้ https://t.co/QJc2YpmbKp,sad
ต่อไปไม่มีเราค่อยกวนเเล้วใช้ชีวิตให้มีความสุขนะ,sad
ไม่มีความสุขในการทำงาน,sad
ไม่เคยอึดอัดเท่านี้เลย อยากหนีไปเร็วๆ ไม่มีความสุขเลย??,sad
"บางคนเขาก็ไม่ได้มีความสุขตลอดเวลานะเว้ย
อย่าคิดเเทนกันดิ",sad
ไม่มีความสุขเลยอ่ะ,sad
ไม่อิจฉาคนที่เขามีความรักนะ แต่อิจฉาคนที่เขามีความสุขมากกว่า,sad
ถ้ารู้ว่าตอนนั้นจะมีความสุขมากกว่าตอนนี้ ถ้าเป็นไปได้กูแม่งจะเก็บความทรงจำนั้นไว้ให้มากที่สุดเลยว่ะ,sad
ไมรู้สึกไม่มีความสุขเลยวะ,sad
เคยคบคนที่ negative ตลอด นั่นก็ไม่ดีนี่ก็ไม่พอใจ ไปไหนก็มองแต่ข้อเสียแล้วก็บ่น ชวนให้นึกว่ามากับเรานี่ไม่มีความสุขเลย ไปไหนก็เฟล,sad
อยู่กับเขาแกคงมีความสุขมากกว่าอยู่กับเรา. ??,sad
@KKAILIMx เต็มหน้าเลยคำว่านก ชอบคนหนึ่งแต่เขาไม่ได้ขอบพี่ไง เขาชอบอีกคน แต่ก็คุยมาเรื่อยๆเพราะมีความสุข สรุปเจ็บหนักซวยเลย,sad
@bexiver_99 เห้อมมม ไม่ได้คุยแล้วเหมือนพี่ไม่มีชีวิตชีวา มันไม่มีความสุข มันหงอยๆเศร้าๆ,sad
ชีวิตม.6ตอนนี้แม่งโครตไม่มีความสุขเท่ากับเมื่อก่อนเลยที่เฮฮา ตอนนี้มีแต่ความเครียด ม.6 ต้องเจอขนาดนี้เลย ชอบหรอที่ต้องให้เด็กเครียดขนาดนี้,sad
เราโตพอที่จะเลือกไปทำสิ่งที่ชอบ แม้กระทั่งร้านที่อยากกิน ที่ๆอยากไป ถ้าต้องคอยตามไปกับคนอื่นทั้งที่ตัวเองไม่ชอบก็ไม่มีความสุขป่ะวะ,sad
ยิ่งมีความสุขมากเท่าไหร่ยิ่งรู้สึกว่าเวลามันเหลือน้อยลงทุกที .,sad
"บางความสัมพันธ์ 
เรารู้สึกว่ามันมีความสุข
'แต่อยู่ในรูปแบบของความไม่ชัดเจน'

แล้วสุดท้ายก้อจบลงแบบไม่ชัดเจน.
#ถ้ามีโอกาสจะรักษามันไว้",sad
มีความสุขจริงๆครั้งสุดท้ายตอนไหน,sad
แต่มันก็มีความสุขได้แค่กับตัวเองเท่านั้นแหละ..,sad
"อาการกินไม่ได้ นอนไม่หลับ
แปลว่า ไม่มีความสุข นะค่ะ",sad
ท้อ ทำไมทุกอย่างมันมืดไปหมด กำลังใจไปไหนหมดแล้ว ทำไมอ่อนแอแบบนี้ โลกนี้ทำไมโหดร้ายกับฉันจัง เมื่อไหร่จะให้ฉันมีความสุข,sad
"@renmefr แววขอบคุณค่า////// ฮือ อยากให้เขามีความสุขมากๆค่ะแง;;;
เอปิน่าจะร้องได้นะคะ เธอทำให้ฉันรู้สึกเหมือนตอน 17---- /ไม่",sad
พอมาตอนนี้เมิงต้องทนเจ็บเพื่อเห็นเค้ามีความสุข..,sad
"""การที่เราพยายามที่จะเป็นเสียงอื่น มันก็ไม่มีความสุขเท่ากับการเป็นเสียงตัวเอง"" -จีน กษิดิศ",sad
รอยยิ้มไม่ได้การันตีว่ามีความสุขเสมอไป,sad
อยู่ที่ไหนก็ไม่มีความสุข ตายดีกว่ากู55555555555,sad
เมื่อก่อนเรามีความสุขมากกว่านี้.,sad
"เราเป็นผู้ป่วยโรคซึมเศร้านะ
เวลาเราอยู่กับเพื่อน
เรามีความสุข
เราสนุเรายิ้มได้
แต่พอเราอยู่คนเดียว
เราไม่โอเค
เราเหงาจนเรานั่งร้องไห้คนเดียว",sad
คือถ้ากูไปอยู่ดอย กูอาจจะมีความสุขกว่าอยู่ในเมือง,sad
คิดถึงอดีตจัง  อดีตที่เคยมีความสุขมากกว่านี้ https://t.co/QJc2YpmbKp,sad
ไม่มีความสุขในการทำงาน,sad
"เคยร้องไห้เพราะเขามีความสุขไหม
ก็เพราะความสุขของเขาตอนนั้นไม่ได้มีเราอยู่
#YourName
#movietwit https://t.co/Izog1yI49h",sad
ไม่เคยอึดอัดเท่านี้เลย อยากหนีไปเร็วๆ ไม่มีความสุขเลย??,sad
@luktarncandoit ไม่มีความสุขหรอ,sad
"บางคนเขาก็ไม่ได้มีความสุขตลอดเวลานะเว้ย
อย่าคิดเเทนกันดิ",sad
มองหน้าแม่ เห็นแม่มีความสุข เห็นแม่ยิ้ม หัวเราะ แล้วไม่อยากจะคิดเลยว่าถ้าวันนึงแม่ไม่อยู่แล้ว เราจะอยู่ยังไง,sad
อุตส่าเดินจากสนามหลวงไปเบญจมเพื่อตัดผมเลยนะสัสสสส ทำไมช่างไม่เห็นใจกุบ้างเลย,sad
RT @dangnoi4: สิ่งที่สนามหลวงต้องการตอนนี้แทบจะไม่มีแล้ว มีแต่มากเกินความจำเป็นโดยต้องบังคับแจก แบบรับเถอะ รับหน่อยงี้,sad
RT @DailynewsTwit: กราบถวายบังคมพระบรมศพต่อเนื่อง-ปรับพื้นที่สนามหลวง... อ่านต่อที่ : https://t.co/YpkBre51n0,sad
